{"type":"FeatureCollection","attribution":"Batas wilayah: geoBoundaries (gbOpen IDN ADM2, BPS / WFP / OCHA ROAP), CC BY 3.0 IGO","features":[{"type":"Feature","properties":{"slug":"aceh-besar"},"geometry":{"type":"MultiPolygon","coordinates":[[[[95.1737,5.5551],[95.1774,5.5591],[95.1679,5.562],[95.153,5.5531],[95.1677,5.5504],[95.1737,5.5551]]],[[[95.2042,5.5824],[95.183,5.5745],[95.2147,5.5796],[95.2042,5.5824]]],[[[95.0787,5.6444],[95.0596,5.6392],[95.0513,5.6228],[95.0805,5.6333],[95.0865,5.6403],[95.0787,5.6444]]],[[[95.7457,5.5689],[95.688,5.5837],[95.6108,5.6277],[95.5824,5.617],[95.5434,5.6168],[95.5371,5.6093],[95.5307,5.6141],[95.5303,5.5992],[95.5126,5.595],[95.4917,5.609],[95.4628,5.646],[95.4313,5.6566],[95.4163,5.6498],[95.3886,5.6181],[95.3575,5.6031],[95.3554,5.5857],[95.3688,5.5891],[95.3773,5.5679],[95.369,5.5633],[95.3576,5.5711],[95.3532,5.5582],[95.3606,5.5448],[95.3549,5.545],[95.3541,5.533],[95.3302,5.529],[95.3146,5.5154],[95.2802,5.536],[95.2841,5.5527],[95.2547,5.5451],[95.2393,5.5477],[95.2348,5.5625],[95.2396,5.5701],[95.225,5.5757],[95.2264,5.5706],[95.214,5.561],[95.2096,5.5411],[95.1936,5.5267],[95.2109,5.5021],[95.2287,5.4961],[95.2267,5.4853],[95.2438,5.4588],[95.2443,5.4515],[95.2384,5.4519],[95.2424,5.4446],[95.2298,5.4328],[95.2469,5.4159],[95.2513,5.3699],[95.2416,5.3556],[95.2414,5.339],[95.2277,5.359],[95.227,5.3461],[95.2215,5.3438],[95.2391,5.3253],[95.2319,5.3144],[95.2185,5.3241],[95.2235,5.3133],[95.2142,5.3107],[95.2124,5.3028],[95.2212,5.2903],[95.2118,5.275],[95.2197,5.2709],[95.2293,5.285],[95.2467,5.2724],[95.2478,5.2649],[95.2327,5.2582],[95.2353,5.2518],[95.2384,5.257],[95.2446,5.2535],[95.2535,5.2361],[95.2524,5.2271],[95.2416,5.2258],[95.2427,5.2214],[95.2541,5.2213],[95.2701,5.1971],[95.286,5.195],[95.3085,5.1664],[95.3328,5.1811],[95.332,5.2086],[95.3222,5.2241],[95.3255,5.2312],[95.3414,5.2345],[95.3472,5.2451],[95.3652,5.2542],[95.3749,5.2503],[95.4019,5.2104],[95.4175,5.2216],[95.4361,5.2239],[95.4753,5.2099],[95.4997,5.2202],[95.5375,5.2156],[95.5482,5.2061],[95.5819,5.2092],[95.5971,5.1925],[95.6164,5.1883],[95.624,5.1673],[95.6441,5.141],[95.6353,5.1315],[95.6301,5.0927],[95.6509,5.0665],[95.7054,5.0526],[95.7336,5.0535],[95.7607,5.0728],[95.8212,5.0853],[95.8411,5.1379],[95.831,5.1684],[95.7929,5.2123],[95.7838,5.2428],[95.775,5.252],[95.7869,5.2614],[95.7912,5.2805],[95.7639,5.2905],[95.758,5.3024],[95.7673,5.3102],[95.7483,5.318],[95.7502,5.3535],[95.76,5.3647],[95.7561,5.3801],[95.7656,5.4021],[95.7545,5.4113],[95.7536,5.4198],[95.7822,5.4358],[95.7782,5.4464],[95.7913,5.4533],[95.7629,5.4654],[95.7558,5.477],[95.725,5.4972],[95.7373,5.5133],[95.7245,5.5249],[95.7279,5.5481],[95.7427,5.5591],[95.7457,5.5689]]],[[[95.1481,5.6615],[95.1369,5.6561],[95.1441,5.6486],[95.145,5.6348],[95.119,5.6153],[95.1188,5.6018],[95.1249,5.6024],[95.1295,5.5939],[95.1364,5.6063],[95.1441,5.6062],[95.149,5.5915],[95.1671,5.6009],[95.1671,5.6065],[95.1943,5.605],[95.171,5.6251],[95.167,5.6411],[95.1583,5.6408],[95.1659,5.6517],[95.1481,5.6615]]],[[[95.0595,5.7498],[95.0565,5.7541],[95.0408,5.7474],[95.0268,5.7497],[95.0307,5.7428],[95.0111,5.724],[95.0175,5.7192],[95.0456,5.7373],[95.0475,5.7225],[95.0597,5.7202],[95.0594,5.7124],[95.0387,5.7072],[95.0438,5.7012],[95.0405,5.6934],[95.0506,5.697],[95.0595,5.6843],[95.0438,5.6712],[95.0654,5.6718],[95.0701,5.6664],[95.0552,5.6482],[95.0778,5.6569],[95.0778,5.6662],[95.071,5.6663],[95.0759,5.6693],[95.1104,5.667],[95.1174,5.6724],[95.1405,5.6639],[95.1387,5.6736],[95.13,5.6706],[95.1381,5.6759],[95.1327,5.686],[95.1064,5.696],[95.1116,5.7045],[95.0904,5.7245],[95.0728,5.7228],[95.0635,5.7386],[95.0718,5.7444],[95.0595,5.7498]]]]}},{"type":"Feature","properties":{"slug":"banda-aceh"},"geometry":{"type":"MultiPolygon","coordinates":[[[[95.367,5.6083],[95.3466,5.605],[95.3137,5.5835],[95.3099,5.562],[95.3028,5.5658],[95.2847,5.5565],[95.2971,5.5705],[95.2827,5.5592],[95.2802,5.536],[95.285,5.5307],[95.3146,5.5154],[95.3302,5.529],[95.3541,5.533],[95.3549,5.545],[95.3606,5.5448],[95.3532,5.5582],[95.3576,5.5711],[95.369,5.5633],[95.3773,5.5679],[95.3688,5.5891],[95.3554,5.5857],[95.3575,5.6031],[95.367,5.6083]]]]}},{"type":"Feature","properties":{"slug":"bandar-lampung"},"geometry":{"type":"MultiPolygon","coordinates":[[[[105.3471,-5.5219],[105.3594,-5.5145],[105.3315,-5.4797],[105.3273,-5.4516],[105.339,-5.4359],[105.342,-5.4196],[105.3354,-5.4072],[105.3248,-5.4069],[105.3253,-5.3969],[105.3156,-5.3878],[105.3156,-5.3757],[105.3084,-5.3747],[105.3057,-5.3585],[105.2919,-5.3678],[105.2916,-5.359],[105.2868,-5.3589],[105.2944,-5.3484],[105.2806,-5.3442],[105.2751,-5.3556],[105.267,-5.3554],[105.2626,-5.3374],[105.2532,-5.3353],[105.2245,-5.3659],[105.2113,-5.3698],[105.2075,-5.3895],[105.1975,-5.3851],[105.1757,-5.4081],[105.1843,-5.4192],[105.2046,-5.4213],[105.2059,-5.4419],[105.2212,-5.4517],[105.2324,-5.4768],[105.2294,-5.4849],[105.2341,-5.4899],[105.2284,-5.4947],[105.2504,-5.4842],[105.2521,-5.4916],[105.2548,-5.4612],[105.2634,-5.4556],[105.2672,-5.4614],[105.2654,-5.4518],[105.2908,-5.4452],[105.3055,-5.452],[105.3203,-5.4693],[105.3153,-5.4789],[105.3248,-5.4868],[105.3252,-5.5022],[105.3348,-5.5054],[105.3471,-5.5219]]]]}},{"type":"Feature","properties":{"slug":"bantul"},"geometry":{"type":"MultiPolygon","coordinates":[[[[110.3971,-7.7883],[110.4051,-7.8305],[110.3979,-7.8334],[110.3995,-7.8278],[110.3934,-7.8263],[110.3954,-7.8367],[110.3898,-7.8402],[110.3845,-7.829],[110.375,-7.8308],[110.3752,-7.8244],[110.3515,-7.8254],[110.352,-7.8148],[110.3446,-7.8073],[110.351,-7.7682],[110.3436,-7.7919],[110.3305,-7.8068],[110.316,-7.8052],[110.3164,-7.8237],[110.3114,-7.8181],[110.3064,-7.8283],[110.2976,-7.8272],[110.2985,-7.8323],[110.2887,-7.8338],[110.2821,-7.8171],[110.2888,-7.7849],[110.2404,-7.8064],[110.2313,-7.8294],[110.2211,-7.837],[110.2572,-7.8665],[110.2727,-7.8909],[110.2739,-7.9096],[110.2695,-7.9278],[110.2571,-7.9234],[110.2481,-7.9277],[110.2317,-7.9597],[110.204,-7.9831],[110.3397,-8.028],[110.3296,-8.0039],[110.3338,-7.997],[110.3554,-7.9915],[110.3502,-7.9889],[110.3549,-7.9808],[110.3503,-7.9751],[110.3644,-7.9836],[110.3672,-7.9734],[110.3809,-7.982],[110.3968,-7.9807],[110.3964,-7.9698],[110.422,-7.9735],[110.4329,-7.9643],[110.4435,-7.9668],[110.4436,-7.9513],[110.4495,-7.9469],[110.4549,-7.9516],[110.4507,-7.9612],[110.4547,-7.9673],[110.4572,-7.9576],[110.4665,-7.9544],[110.4707,-7.9628],[110.4634,-7.9685],[110.4775,-7.9712],[110.4726,-7.9538],[110.4764,-7.9427],[110.488,-7.9452],[110.4926,-7.9381],[110.4983,-7.9008],[110.4951,-7.891],[110.4765,-7.89],[110.4675,-7.8667],[110.4829,-7.8409],[110.5213,-7.8337],[110.5095,-7.8221],[110.4813,-7.8175],[110.4794,-7.8249],[110.4706,-7.8228],[110.4676,-7.828],[110.4602,-7.8196],[110.4438,-7.8239],[110.4299,-7.8375],[110.4282,-7.8218],[110.4213,-7.8208],[110.421,-7.7863],[110.4128,-7.7833],[110.4102,-7.7896],[110.4064,-7.7849],[110.4014,-7.7925],[110.3971,-7.7883]]]]}},{"type":"Feature","properties":{"slug":"banyuwangi"},"geometry":{"type":"MultiPolygon","coordinates":[[[[114.4238,-7.9355],[114.4127,-7.94],[114.3965,-7.9268],[114.3328,-7.9069],[114.3067,-7.8853],[114.2931,-7.8889],[114.2497,-7.9394],[114.2243,-7.9867],[114.2407,-8.0134],[114.2358,-8.0312],[114.2488,-8.0456],[114.2311,-8.0704],[114.2197,-8.0737],[114.2137,-8.0998],[114.1957,-8.1033],[114.1844,-8.1209],[114.1765,-8.1203],[114.1727,-8.1073],[114.1465,-8.101],[114.1166,-8.1144],[114.0917,-8.1162],[114.0786,-8.1268],[114.0604,-8.1224],[114.0373,-8.1398],[114.0226,-8.1414],[113.9909,-8.1826],[113.9707,-8.1895],[113.9575,-8.2064],[113.9681,-8.2206],[113.9642,-8.2385],[113.9442,-8.2445],[113.9343,-8.2552],[113.9343,-8.2815],[113.9203,-8.3082],[113.9272,-8.3276],[113.909,-8.3469],[113.9212,-8.3573],[113.9277,-8.3767],[113.9237,-8.3843],[113.9473,-8.4017],[113.9374,-8.4091],[113.9321,-8.4254],[113.9102,-8.4419],[113.8992,-8.4343],[113.9003,-8.4239],[113.8903,-8.4099],[113.8546,-8.4298],[113.8421,-8.4943],[113.855,-8.5195],[113.8371,-8.554],[113.853,-8.5501],[113.8634,-8.5619],[113.8757,-8.5575],[113.8937,-8.5649],[113.9089,-8.5802],[113.9243,-8.5731],[113.9252,-8.561],[113.9352,-8.5674],[113.936,-8.5599],[113.946,-8.5592],[113.9687,-8.5841],[113.9657,-8.5968],[113.9471,-8.5999],[113.9565,-8.614],[113.9636,-8.617],[113.9722,-8.6075],[113.9883,-8.6063],[113.9899,-8.5992],[113.9961,-8.6106],[113.9961,-8.594],[114.0152,-8.5904],[114.0289,-8.5997],[114.0327,-8.6334],[114.0478,-8.6376],[114.0495,-8.6468],[114.0598,-8.6267],[114.0845,-8.6296],[114.0852,-8.6209],[114.0948,-8.6156],[114.1429,-8.6228],[114.1842,-8.6405],[114.2206,-8.6454],[114.2299,-8.6206],[114.2279,-8.6051],[114.2594,-8.6026],[114.3258,-8.6279],[114.3507,-8.6463],[114.37,-8.6707],[114.3764,-8.7055],[114.3667,-8.723],[114.3429,-8.7349],[114.3452,-8.7429],[114.3697,-8.7507],[114.4455,-8.7528],[114.5328,-8.7803],[114.5876,-8.7625],[114.6049,-8.7159],[114.5693,-8.6599],[114.5146,-8.6502],[114.5055,-8.6359],[114.4916,-8.6323],[114.4809,-8.6179],[114.4727,-8.6177],[114.4572,-8.6388],[114.4393,-8.6306],[114.4079,-8.5691],[114.4014,-8.5418],[114.4094,-8.5098],[114.3975,-8.4951],[114.3995,-8.4612],[114.389,-8.4478],[114.3827,-8.4489],[114.3881,-8.4816],[114.3782,-8.5273],[114.3666,-8.5374],[114.3519,-8.5294],[114.3706,-8.4798],[114.3557,-8.47],[114.3565,-8.457],[114.3458,-8.4462],[114.3483,-8.4378],[114.3422,-8.439],[114.3402,-8.4223],[114.3608,-8.3359],[114.366,-8.2791],[114.3902,-8.2348],[114.3824,-8.2],[114.4018,-8.1502],[114.3984,-8.1216],[114.4303,-8.0647],[114.4341,-8.0325],[114.4258,-8.0147],[114.4303,-7.9965],[114.4238,-7.9355]]]]}},{"type":"Feature","properties":{"slug":"bengkulu"},"geometry":{"type":"MultiPolygon","coordinates":[[[[102.2501,-3.7384],[102.2625,-3.7744],[102.2476,-3.7926],[102.2926,-3.8463],[102.3027,-3.8737],[102.2988,-3.8933],[102.2876,-3.9018],[102.2755,-3.897],[102.2651,-3.916],[102.277,-3.9331],[102.3033,-3.9448],[102.3154,-3.9304],[102.3156,-3.9119],[102.3348,-3.9091],[102.3478,-3.9006],[102.3472,-3.8867],[102.36,-3.8866],[102.3632,-3.8797],[102.3775,-3.8828],[102.406,-3.861],[102.3838,-3.8568],[102.3595,-3.8416],[102.3628,-3.8285],[102.3553,-3.8067],[102.3343,-3.7685],[102.3317,-3.7319],[102.3141,-3.7315],[102.2896,-3.7417],[102.2754,-3.7272],[102.2501,-3.7384]]]]}},{"type":"Feature","properties":{"slug":"biak-numfor"},"geometry":{"type":"MultiPolygon","coordinates":[[[[136.6057,-1.322],[136.6033,-1.3027],[136.6006,-1.3197],[136.6057,-1.322]]],[[[136.6961,-1.2947],[136.6994,-1.2923],[136.6913,-1.2961],[136.6961,-1.2947]]],[[[136.3153,-1.2864],[136.324,-1.2792],[136.3193,-1.2773],[136.3153,-1.2864]]],[[[136.5933,-1.2699],[136.5904,-1.28],[136.6046,-1.3019],[136.6105,-1.2755],[136.5933,-1.2699]]],[[[136.4223,-1.268],[136.4104,-1.2826],[136.4134,-1.3094],[136.4122,-1.2805],[136.4223,-1.268]]],[[[136.6752,-1.2606],[136.6647,-1.2722],[136.6794,-1.2641],[136.6752,-1.2606]]],[[[136.3746,-1.2493],[136.3674,-1.2476],[136.3782,-1.2606],[136.3791,-1.2501],[136.3746,-1.2493]]],[[[136.2254,-1.2301],[136.1991,-1.2341],[136.1884,-1.2482],[136.2049,-1.2571],[136.2269,-1.2394],[136.2309,-1.2328],[136.2254,-1.2301]]],[[[136.6036,-1.229],[136.5947,-1.2419],[136.6056,-1.2549],[136.6138,-1.2522],[136.6174,-1.2408],[136.6136,-1.2319],[136.6036,-1.229]]],[[[136.5205,-1.2278],[136.5008,-1.23],[136.5026,-1.2394],[136.539,-1.2425],[136.5377,-1.2351],[136.5205,-1.2278]]],[[[136.3237,-1.2177],[136.2932,-1.2327],[136.2966,-1.2418],[136.3013,-1.2446],[136.3126,-1.2333],[136.3336,-1.2275],[136.3438,-1.2369],[136.3414,-1.2234],[136.3237,-1.2177]]],[[[136.7014,-1.2247],[136.7089,-1.2165],[136.6983,-1.2126],[136.694,-1.2201],[136.7014,-1.2247]]],[[[136.4441,-1.2017],[136.43,-1.2133],[136.4479,-1.2403],[136.4506,-1.2203],[136.4441,-1.2017]]],[[[136.6002,-1.191],[136.5859,-1.1912],[136.576,-1.1997],[136.583,-1.2019],[136.591,-1.2276],[136.6143,-1.2204],[136.6099,-1.2001],[136.6002,-1.191]]],[[[136.6232,-1.157],[136.6261,-1.1505],[136.6203,-1.1603],[136.6232,-1.157]]],[[[136.6098,-1.137],[136.6002,-1.1352],[136.5972,-1.1594],[136.6023,-1.1627],[136.5927,-1.1626],[136.6051,-1.1744],[136.62,-1.1535],[136.6098,-1.137]]],[[[134.9459,-1.028],[134.9393,-1.0286],[134.9428,-1.0377],[134.9492,-1.0322],[134.9459,-1.028]]],[[[134.9535,-1.0242],[134.9487,-1.014],[134.9454,-1.024],[134.9535,-1.0242]]],[[[134.857,-0.9311],[134.8435,-0.9316],[134.8062,-0.9587],[134.8047,-0.9695],[134.7926,-0.9811],[134.8103,-0.9821],[134.7971,-0.9902],[134.7995,-1.0053],[134.7929,-1.0037],[134.7987,-1.0142],[134.7952,-1.0329],[134.824,-1.0665],[134.8272,-1.0854],[134.8442,-1.087],[134.8358,-1.1047],[134.856,-1.119],[134.8571,-1.1372],[134.8628,-1.1299],[134.8903,-1.1407],[134.9523,-1.1276],[134.9483,-1.1226],[134.9529,-1.1236],[134.9746,-1.0929],[134.9828,-1.0721],[134.977,-1.0624],[134.9805,-1.0372],[134.986,-1.0358],[134.9809,-1.0121],[134.9591,-1.0201],[134.9528,-1.0329],[134.961,-1.0482],[134.9424,-1.0585],[134.9396,-1.0722],[134.9241,-1.0752],[134.9211,-1.0518],[134.928,-1.044],[134.9377,-1.0469],[134.9415,-1.0398],[134.937,-1.0213],[134.9482,-1.0017],[134.9445,-0.9705],[134.9273,-0.9541],[134.9012,-0.9413],[134.857,-0.9311]]],[[[135.7087,-0.8032],[135.7275,-0.8014],[135.7413,-0.8101],[135.7678,-0.8741],[135.7748,-0.876],[135.7682,-0.8788],[135.767,-0.8933],[135.7752,-0.904],[135.7828,-0.9361],[135.7889,-0.9362],[135.7876,-0.9655],[135.801,-0.9985],[135.8143,-1.0087],[135.8255,-1.0318],[135.8205,-1.0853],[135.8023,-1.0924],[135.802,-1.0978],[135.8233,-1.1318],[135.8578,-1.1666],[135.906,-1.178],[135.9135,-1.1597],[135.9318,-1.1547],[135.9426,-1.1475],[135.9416,-1.1416],[135.9557,-1.1492],[136.0013,-1.1423],[136.0382,-1.1486],[136.0497,-1.1572],[136.0502,-1.1721],[136.0747,-1.1858],[136.1488,-1.1999],[136.1726,-1.1817],[136.2405,-1.1711],[136.3141,-1.1408],[136.3546,-1.1111],[136.3649,-1.0921],[136.3842,-1.0855],[136.3856,-1.0723],[136.3624,-1.0636],[136.3237,-1.0741],[136.2963,-1.055],[136.2899,-1.0299],[136.2574,-1.0175],[136.237,-1.0295],[136.2081,-1.0315],[136.1898,-1.0449],[136.1725,-1.0442],[136.1607,-1.0343],[136.1522,-0.9963],[136.1356,-0.9902],[136.0991,-0.9606],[136.0915,-0.9172],[136.0765,-0.9122],[136.0604,-0.8871],[136.0475,-0.9002],[136.04,-0.8957],[136.051,-0.8563],[136.0356,-0.8592],[136.0389,-0.8476],[136.0298,-0.8375],[135.9733,-0.8123],[135.9418,-0.7875],[135.9248,-0.7902],[135.9091,-0.7575],[135.854,-0.7002],[135.8036,-0.6868],[135.8035,-0.7408],[135.7388,-0.7945],[135.7087,-0.8032]]]]}},{"type":"Feature","properties":{"slug":"buleleng"},"geometry":{"type":"MultiPolygon","coordinates":[[[[114.5162,-8.0922],[114.5017,-8.0948],[114.5176,-8.1002],[114.5283,-8.0952],[114.5162,-8.0922]]],[[[115.2321,-8.2402],[115.2426,-8.216],[115.245,-8.1768],[115.2598,-8.1718],[115.2651,-8.1632],[115.2714,-8.168],[115.2799,-8.1609],[115.2844,-8.1704],[115.3036,-8.1738],[115.3028,-8.1684],[115.3195,-8.1549],[115.3154,-8.1456],[115.3211,-8.1408],[115.3318,-8.1539],[115.3386,-8.1441],[115.3539,-8.1506],[115.3641,-8.1466],[115.3605,-8.1532],[115.3657,-8.1526],[115.3681,-8.1655],[115.3774,-8.1646],[115.4048,-8.1916],[115.4275,-8.1897],[115.4571,-8.1666],[115.3893,-8.1358],[115.3575,-8.1283],[115.3393,-8.1118],[115.2939,-8.1045],[115.2642,-8.0878],[115.206,-8.074],[115.1848,-8.0614],[115.1584,-8.0642],[115.1165,-8.0813],[115.0777,-8.1093],[115.0478,-8.1444],[115.0024,-8.1751],[114.9833,-8.181],[114.9064,-8.1825],[114.8678,-8.1964],[114.8358,-8.194],[114.8322,-8.1873],[114.8237,-8.1923],[114.8172,-8.1854],[114.7485,-8.1689],[114.7162,-8.1562],[114.7155,-8.1501],[114.7109,-8.1555],[114.6928,-8.1442],[114.6575,-8.1442],[114.6452,-8.1313],[114.6387,-8.1379],[114.6181,-8.1229],[114.6124,-8.1324],[114.5944,-8.1399],[114.5868,-8.1303],[114.5946,-8.1238],[114.5799,-8.1213],[114.5632,-8.1301],[114.5613,-8.1362],[114.5685,-8.1411],[114.5624,-8.1434],[114.5555,-8.131],[114.5221,-8.1546],[114.5164,-8.145],[114.5226,-8.1339],[114.4938,-8.096],[114.4509,-8.0925],[114.4354,-8.0978],[114.432,-8.1191],[114.4433,-8.1334],[114.4452,-8.1573],[114.4704,-8.1657],[114.4557,-8.1779],[114.4589,-8.1937],[114.4943,-8.1936],[114.5137,-8.2057],[114.532,-8.1912],[114.5532,-8.1978],[114.59,-8.1734],[114.6186,-8.1839],[114.6376,-8.2173],[114.6523,-8.2262],[114.6739,-8.2233],[114.6843,-8.2318],[114.6913,-8.2095],[114.7031,-8.1985],[114.756,-8.2318],[114.7761,-8.2631],[114.7851,-8.2543],[114.7956,-8.2566],[114.8019,-8.2514],[114.8166,-8.26],[114.8108,-8.2663],[114.8241,-8.3329],[114.8584,-8.3417],[114.864,-8.3353],[114.8703,-8.3372],[114.8959,-8.3568],[114.9026,-8.3753],[114.9243,-8.3827],[114.9334,-8.3805],[114.9289,-8.3762],[114.9354,-8.3568],[114.95,-8.3607],[114.9607,-8.3314],[114.9576,-8.3188],[114.9651,-8.3056],[114.983,-8.2967],[114.9802,-8.2897],[114.987,-8.2892],[115.011,-8.3103],[115.0304,-8.3008],[115.0725,-8.3144],[115.1012,-8.3071],[115.1026,-8.2986],[115.1093,-8.2971],[115.1093,-8.2788],[115.1598,-8.2577],[115.1771,-8.242],[115.204,-8.2493],[115.2321,-8.2402]]]]}},{"type":"Feature","properties":{"slug":"cianjur"},"geometry":{"type":"MultiPolygon","coordinates":[[[[107.3118,-7.1081],[107.3064,-7.0903],[107.2993,-7.0839],[107.2957,-7.0905],[107.2853,-7.0848],[107.2527,-7.0487],[107.2246,-7.0491],[107.2237,-7.0585],[107.2093,-7.054],[107.1904,-7.0619],[107.1819,-7.058],[107.1956,-7.0211],[107.1846,-6.9961],[107.1902,-6.9928],[107.1849,-6.9831],[107.1902,-6.9682],[107.2193,-6.9493],[107.2188,-6.9401],[107.2784,-6.9255],[107.2935,-6.9101],[107.3117,-6.904],[107.3232,-6.8879],[107.3417,-6.8862],[107.3412,-6.8754],[107.3494,-6.8658],[107.3495,-6.8535],[107.3429,-6.849],[107.3376,-6.8576],[107.3251,-6.8527],[107.3134,-6.8008],[107.2957,-6.788],[107.2901,-6.7901],[107.2881,-6.7814],[107.2794,-6.7838],[107.2821,-6.7747],[107.2736,-6.7678],[107.2531,-6.7887],[107.2504,-6.8057],[107.2511,-6.7891],[107.2623,-6.7744],[107.2611,-6.7562],[107.2843,-6.7515],[107.2711,-6.7529],[107.266,-6.7418],[107.2501,-6.7557],[107.2587,-6.7482],[107.2535,-6.7385],[107.2591,-6.7436],[107.2637,-6.7384],[107.2706,-6.7443],[107.2755,-6.7406],[107.2617,-6.732],[107.2545,-6.7341],[107.258,-6.7302],[107.2503,-6.726],[107.2507,-6.7139],[107.2572,-6.7101],[107.2598,-6.7159],[107.2693,-6.7084],[107.2853,-6.7157],[107.2843,-6.707],[107.2504,-6.6967],[107.2468,-6.6903],[107.2594,-6.68],[107.2638,-6.6358],[107.2271,-6.6021],[107.2146,-6.6201],[107.2151,-6.6373],[107.1797,-6.6465],[107.1697,-6.6389],[107.165,-6.647],[107.1525,-6.6498],[107.1504,-6.663],[107.1346,-6.6705],[107.1211,-6.6633],[107.0685,-6.6652],[107.0513,-6.6566],[107.0159,-6.668],[106.991,-6.6685],[107.0066,-6.6921],[106.994,-6.7062],[106.9989,-6.7317],[106.9945,-6.738],[106.9879,-6.7306],[106.9881,-6.7398],[106.9742,-6.7506],[106.9743,-6.7653],[106.9652,-6.7703],[106.9929,-6.8047],[107.0053,-6.8484],[107.0329,-6.8737],[107.0352,-6.8867],[107.0287,-6.8916],[107.0473,-6.9098],[107.0487,-6.9424],[107.065,-6.965],[107.0578,-6.9676],[107.0468,-6.9608],[107.0334,-6.9764],[107.033,-6.9872],[107.0497,-7.0048],[107.0429,-7.0232],[107.0475,-7.0315],[107.0388,-7.0434],[107.0075,-7.0367],[106.9891,-7.017],[106.9757,-7.0136],[106.9592,-7.0335],[106.9539,-7.0684],[106.9436,-7.0748],[106.9483,-7.086],[106.9366,-7.1091],[106.937,-7.1228],[106.9453,-7.1282],[106.9424,-7.1329],[106.9525,-7.1328],[106.9659,-7.1449],[106.9674,-7.156],[106.9605,-7.1564],[106.9578,-7.1645],[106.9747,-7.1856],[106.9671,-7.1896],[106.9679,-7.1962],[106.9826,-7.2222],[106.98,-7.2412],[106.967,-7.2455],[106.9603,-7.2603],[106.97,-7.2663],[106.976,-7.2844],[106.9672,-7.3122],[106.9537,-7.3211],[106.9406,-7.3178],[106.9341,-7.3341],[106.9151,-7.323],[106.9094,-7.3493],[106.9035,-7.3513],[106.9032,-7.3426],[106.8953,-7.3414],[106.8949,-7.3476],[106.8768,-7.3535],[106.8754,-7.364],[106.8686,-7.3556],[106.8557,-7.362],[106.8586,-7.3542],[106.8508,-7.3607],[106.8449,-7.3564],[106.8231,-7.3625],[106.7951,-7.3968],[106.7771,-7.402],[106.7808,-7.4156],[106.7892,-7.4088],[106.7928,-7.4151],[106.7913,-7.4376],[106.8839,-7.43],[106.8832,-7.4351],[107.1076,-7.4568],[107.2477,-7.4891],[107.3522,-7.4999],[107.3848,-7.4999],[107.3935,-7.4948],[107.4231,-7.5056],[107.4203,-7.4624],[107.4319,-7.4236],[107.4738,-7.4015],[107.4737,-7.3821],[107.4846,-7.3569],[107.4659,-7.327],[107.4549,-7.2921],[107.4766,-7.2565],[107.4641,-7.2524],[107.4551,-7.2603],[107.4243,-7.2602],[107.3798,-7.2417],[107.3461,-7.2385],[107.3375,-7.216],[107.3253,-7.2038],[107.3016,-7.2094],[107.2514,-7.2077],[107.2534,-7.1955],[107.3152,-7.1532],[107.3153,-7.1288],[107.3084,-7.1181],[107.3118,-7.1081]]]]}},{"type":"Feature","properties":{"slug":"cilacap"},"geometry":{"type":"MultiPolygon","coordinates":[[[[108.9671,-7.3322],[108.9515,-7.3312],[108.9503,-7.3154],[108.9285,-7.3179],[108.914,-7.3029],[108.9128,-7.291],[108.894,-7.2841],[108.8932,-7.2759],[108.8659,-7.272],[108.8526,-7.2538],[108.8646,-7.2431],[108.8188,-7.2316],[108.8213,-7.2205],[108.8107,-7.2039],[108.7904,-7.2134],[108.774,-7.1984],[108.7527,-7.1953],[108.75,-7.1873],[108.7436,-7.1978],[108.7237,-7.1937],[108.7158,-7.1725],[108.706,-7.1638],[108.6983,-7.1664],[108.6931,-7.1519],[108.6586,-7.1556],[108.6458,-7.1423],[108.625,-7.1397],[108.6098,-7.1498],[108.5917,-7.1504],[108.5808,-7.164],[108.5622,-7.1714],[108.5657,-7.1807],[108.5577,-7.1928],[108.5812,-7.2065],[108.5852,-7.2186],[108.5802,-7.2383],[108.5856,-7.2422],[108.5814,-7.2541],[108.5742,-7.2536],[108.5688,-7.2618],[108.567,-7.2787],[108.5559,-7.2882],[108.5644,-7.3041],[108.5591,-7.3072],[108.5636,-7.3202],[108.5585,-7.3351],[108.5754,-7.3343],[108.5834,-7.3498],[108.5907,-7.3445],[108.5992,-7.3506],[108.6122,-7.3439],[108.6174,-7.3502],[108.6184,-7.3446],[108.6454,-7.3456],[108.6475,-7.337],[108.6618,-7.3421],[108.6648,-7.3475],[108.6596,-7.3507],[108.676,-7.3573],[108.6832,-7.3695],[108.6779,-7.3767],[108.6852,-7.3798],[108.6871,-7.3995],[108.6969,-7.3998],[108.6997,-7.4149],[108.7233,-7.431],[108.7125,-7.4576],[108.7547,-7.5592],[108.7485,-7.5673],[108.7506,-7.5919],[108.741,-7.5925],[108.7322,-7.6137],[108.7417,-7.6137],[108.75,-7.6345],[108.7648,-7.6501],[108.7777,-7.6523],[108.7864,-7.6681],[108.7978,-7.6669],[108.8014,-7.6744],[108.7944,-7.684],[108.8026,-7.6904],[108.7829,-7.7023],[108.7868,-7.7088],[108.7968,-7.7068],[108.8005,-7.717],[108.7885,-7.7252],[108.7855,-7.7357],[108.796,-7.7348],[108.7991,-7.7425],[108.814,-7.7345],[108.8629,-7.7412],[108.9049,-7.7545],[108.9751,-7.7637],[108.9829,-7.7718],[109.0068,-7.7778],[109.0204,-7.7782],[109.0214,-7.7733],[109.0406,-7.7847],[109.0503,-7.775],[109.0436,-7.7601],[109.0285,-7.7659],[109.0174,-7.7544],[109.0239,-7.7278],[109.0509,-7.7004],[109.0886,-7.6877],[109.29,-7.7008],[109.3679,-7.715],[109.3919,-7.7257],[109.3874,-7.7153],[109.3953,-7.6958],[109.3796,-7.6867],[109.3917,-7.6723],[109.3848,-7.6696],[109.3863,-7.6607],[109.362,-7.6497],[109.3588,-7.6401],[109.3456,-7.6424],[109.329,-7.6323],[109.2633,-7.6203],[109.2682,-7.5926],[109.2539,-7.5909],[109.2149,-7.5649],[109.1728,-7.5526],[109.1694,-7.5719],[109.1598,-7.5777],[109.067,-7.5734],[109.0581,-7.5563],[109.0422,-7.5595],[109.0028,-7.5438],[109.0046,-7.5291],[108.9731,-7.5187],[108.9575,-7.4938],[108.9648,-7.4852],[108.9599,-7.4699],[108.9207,-7.4642],[108.9011,-7.4745],[108.8914,-7.4485],[108.9145,-7.445],[108.9316,-7.4313],[108.9301,-7.4233],[108.9391,-7.4125],[108.9355,-7.39],[108.9494,-7.3809],[108.9545,-7.3685],[108.9501,-7.3636],[108.9625,-7.3544],[108.9671,-7.3322]]]]}},{"type":"Feature","properties":{"slug":"denpasar"},"geometry":{"type":"MultiPolygon","coordinates":[[[[115.1873,-8.7358],[115.2105,-8.7302],[115.2109,-8.7368],[115.2055,-8.7375],[115.2061,-8.746],[115.2118,-8.7467],[115.2138,-8.7263],[115.2271,-8.7264],[115.2179,-8.7468],[115.2288,-8.7525],[115.2349,-8.7464],[115.2275,-8.7418],[115.2294,-8.7349],[115.2393,-8.7435],[115.2505,-8.7294],[115.2375,-8.7375],[115.2446,-8.7251],[115.2365,-8.7213],[115.2298,-8.7276],[115.2244,-8.7225],[115.2637,-8.7067],[115.2673,-8.691],[115.2609,-8.666],[115.2746,-8.6501],[115.2373,-8.6021],[115.2358,-8.5915],[115.2098,-8.5978],[115.1965,-8.6061],[115.1977,-8.6116],[115.1801,-8.6162],[115.1805,-8.6599],[115.1738,-8.6597],[115.1797,-8.6749],[115.1738,-8.683],[115.187,-8.7114],[115.1873,-8.7358]]]]}},{"type":"Feature","properties":{"slug":"donggala"},"geometry":{"type":"MultiPolygon","coordinates":[[[[119.8054,-0.8027],[119.788,-0.7698],[119.7919,-0.7643],[119.7798,-0.746],[119.769,-0.7034],[119.7584,-0.7021],[119.7609,-0.682],[119.7406,-0.6636],[119.7399,-0.6452],[119.7321,-0.6442],[119.7099,-0.6844],[119.6901,-0.6922],[119.6899,-0.7007],[119.6701,-0.7026],[119.6609,-0.717],[119.6747,-0.7209],[119.6863,-0.7477],[119.682,-0.7687],[119.6694,-0.7646],[119.6564,-0.7816],[119.6564,-0.7948],[119.663,-0.8016],[119.649,-0.8054],[119.6573,-0.7898],[119.6528,-0.7841],[119.6229,-0.8008],[119.6137,-0.8346],[119.5615,-0.8514],[119.5625,-0.8634],[119.5716,-0.866],[119.5728,-0.8797],[119.5603,-0.8994],[119.5632,-0.9143],[119.5532,-0.9382],[119.56,-0.9847],[119.5569,-1.0095],[119.5659,-1.0187],[119.5754,-1.0186],[119.5775,-1.0453],[119.5725,-1.0499],[119.5802,-1.0555],[119.5779,-1.0672],[119.5825,-1.0854],[119.589,-1.0883],[119.593,-1.1243],[119.6055,-1.1181],[119.6106,-1.1354],[119.6031,-1.1591],[119.5722,-1.149],[119.5648,-1.2013],[119.5421,-1.2005],[119.5422,-1.223],[119.524,-1.2515],[119.5038,-1.2765],[119.4733,-1.2978],[119.4749,-1.308],[119.4817,-1.3094],[119.4954,-1.3058],[119.4986,-1.299],[119.517,-1.3024],[119.5236,-1.2944],[119.5266,-1.3007],[119.5195,-1.3154],[119.5106,-1.313],[119.4863,-1.3223],[119.4643,-1.3186],[119.4479,-1.3409],[119.452,-1.3669],[119.4784,-1.3983],[119.4905,-1.3909],[119.5022,-1.3929],[119.5094,-1.4169],[119.5187,-1.412],[119.5201,-1.4335],[119.5107,-1.4382],[119.5083,-1.4508],[119.5204,-1.4454],[119.5331,-1.4283],[119.5406,-1.4318],[119.5421,-1.4218],[119.5487,-1.4266],[119.5466,-1.4374],[119.5689,-1.428],[119.5687,-1.4213],[119.5829,-1.4256],[119.582,-1.4096],[119.5894,-1.4092],[119.5922,-1.3965],[119.6099,-1.4061],[119.622,-1.397],[119.6298,-1.4066],[119.6313,-1.4007],[119.6414,-1.4041],[119.6552,-1.4229],[119.6637,-1.4225],[119.6723,-1.4315],[119.6659,-1.4342],[119.6716,-1.4352],[119.6709,-1.4426],[119.682,-1.4405],[119.6861,-1.4501],[119.697,-1.4525],[119.7279,-1.4203],[119.7405,-1.429],[119.7636,-1.4235],[119.7474,-1.3839],[119.7315,-1.3667],[119.728,-1.3475],[119.7435,-1.3224],[119.7505,-1.2907],[119.7449,-1.2553],[119.7532,-1.239],[119.7676,-1.2331],[119.7665,-1.2194],[119.7747,-1.2097],[119.7696,-1.1978],[119.787,-1.1854],[119.7936,-1.1512],[119.8052,-1.1427],[119.8061,-1.1345],[119.7959,-1.1309],[119.8042,-1.0886],[119.79,-1.0763],[119.7795,-1.0424],[119.7612,-1.0269],[119.7535,-1.0087],[119.74,-1.0083],[119.7301,-1.0171],[119.7195,-1.005],[119.7124,-1.0181],[119.704,-1.0197],[119.6829,-1.0145],[119.6605,-0.9884],[119.6497,-0.9936],[119.6479,-0.9695],[119.6543,-0.9512],[119.6725,-0.9409],[119.7054,-0.9354],[119.731,-0.9005],[119.7456,-0.919],[119.7538,-0.909],[119.7846,-0.9041],[119.7684,-0.8932],[119.7671,-0.8715],[119.773,-0.8643],[119.7596,-0.835],[119.7782,-0.8215],[119.7966,-0.8173],[119.8054,-0.8027]]],[[[119.6223,0.093],[119.6182,0.0984],[119.6206,0.0871],[119.6223,0.093]]],[[[119.9083,0.4844],[119.9036,0.4936],[119.8914,0.4918],[119.8996,0.4822],[119.9083,0.4844]]],[[[119.8592,0.5324],[119.8505,0.5212],[119.8511,0.5056],[119.859,0.5156],[119.8784,0.5208],[119.8592,0.5324]]],[[[119.7952,0.581],[119.7904,0.5819],[119.7913,0.5761],[119.7982,0.5738],[119.7952,0.581]]],[[[120.1372,0.745],[120.1037,0.7411],[120.1011,0.7505],[120.0916,0.7391],[120.0729,0.7405],[120.0592,0.7272],[120.0609,0.7176],[120.0546,0.7125],[120.0384,0.7174],[120.039,0.6947],[120.0163,0.6708],[120.0142,0.6518],[120.0332,0.6095],[120.0466,0.5133],[120.001,0.4838],[119.9509,0.4742],[119.9162,0.4794],[119.9118,0.4748],[119.9056,0.4759],[119.9067,0.481],[119.9008,0.479],[119.8985,0.4674],[119.8821,0.4584],[119.8763,0.4363],[119.8879,0.4192],[119.8889,0.3942],[119.8506,0.3559],[119.8452,0.3353],[119.873,0.2935],[119.8907,0.2961],[119.8982,0.2459],[119.906,0.2324],[119.9014,0.2203],[119.8875,0.211],[119.8677,0.2182],[119.8342,0.216],[119.825,0.2327],[119.8084,0.2364],[119.782,0.2266],[119.7705,0.2127],[119.7751,0.1945],[119.7956,0.1717],[119.8295,0.1474],[119.8559,0.115],[119.8634,0.1153],[119.8586,0.1085],[119.8681,0.1057],[119.8789,0.0771],[119.8749,0.0431],[119.8857,-0.0012],[119.8826,-0.0215],[119.8418,-0.0982],[119.8224,-0.1165],[119.798,-0.1065],[119.7776,-0.114],[119.7689,-0.0768],[119.7387,-0.0613],[119.7428,-0.0374],[119.7327,-0.0211],[119.7172,-0.0059],[119.6791,0.0079],[119.6657,0.02],[119.6596,0.0177],[119.662,0.0069],[119.6733,0.001],[119.6663,-0.0173],[119.6104,-0.0043],[119.6054,-0.0077],[119.6345,-0.0609],[119.6427,-0.0609],[119.651,-0.0743],[119.6537,-0.0945],[119.6675,-0.1116],[119.7035,-0.1369],[119.7209,-0.1444],[119.7377,-0.143],[119.7938,-0.1218],[119.8103,-0.1367],[119.7987,-0.1554],[119.8182,-0.1954],[119.8051,-0.213],[119.795,-0.2558],[119.7787,-0.2772],[119.7639,-0.3488],[119.752,-0.3647],[119.7645,-0.4005],[119.7544,-0.4375],[119.7639,-0.4726],[119.7597,-0.4972],[119.7839,-0.5508],[119.7888,-0.596],[119.8116,-0.6287],[119.807,-0.6495],[119.8181,-0.6651],[119.8225,-0.6884],[119.8437,-0.6968],[119.8599,-0.6586],[119.8698,-0.658],[119.875,-0.6481],[119.8986,-0.6358],[119.9283,-0.6354],[119.9199,-0.6505],[119.8747,-0.6818],[119.8719,-0.6951],[119.919,-0.6987],[119.9548,-0.6807],[119.9516,-0.6905],[119.96,-0.6873],[119.9605,-0.6981],[119.9414,-0.715],[119.9064,-0.7192],[119.8934,-0.729],[119.8779,-0.7277],[119.8828,-0.7286],[119.8781,-0.7392],[119.8953,-0.7512],[119.8741,-0.7691],[119.8855,-0.7715],[119.8866,-0.7782],[119.9127,-0.7738],[119.9196,-0.7942],[119.9545,-0.7975],[119.9741,-0.8083],[119.9925,-0.7952],[120.0149,-0.7945],[120.0271,-0.8118],[120.0368,-0.848],[120.0445,-0.8297],[120.0324,-0.7901],[120.0233,-0.7809],[120.018,-0.751],[120.0273,-0.7442],[120.0205,-0.7083],[120.0306,-0.7052],[120.0329,-0.684],[120.0172,-0.6649],[120.0197,-0.6418],[120.0025,-0.6332],[120.0081,-0.6153],[120.0015,-0.5911],[119.9881,-0.5848],[119.9687,-0.5531],[119.9535,-0.5467],[119.9506,-0.5273],[119.9313,-0.505],[119.9411,-0.4603],[119.937,-0.4476],[119.9227,-0.4436],[119.9184,-0.4132],[119.9255,-0.3932],[119.9132,-0.3701],[119.9143,-0.3518],[119.9299,-0.3348],[119.9304,-0.323],[119.9205,-0.3163],[119.9289,-0.3039],[119.9194,-0.2972],[119.9245,-0.2872],[119.9096,-0.2838],[119.905,-0.2701],[119.9224,-0.2588],[119.9125,-0.2369],[119.9376,-0.2097],[119.9238,-0.1723],[119.9137,-0.1687],[119.8998,-0.1391],[119.9151,-0.116],[119.9358,-0.1009],[119.9476,-0.0717],[119.9408,-0.0116],[119.9448,0.0139],[119.9574,0.0321],[119.9538,0.0542],[119.9614,0.0844],[119.9715,0.0961],[119.9861,0.0952],[119.9906,0.1074],[120.0009,0.1108],[120.0015,0.1232],[120.0378,0.1289],[120.0342,0.1345],[120.046,0.1471],[120.0401,0.1573],[120.045,0.1728],[120.0524,0.1812],[120.0686,0.1813],[120.0695,0.1904],[120.0909,0.1981],[120.0958,0.207],[120.1008,0.2252],[120.0927,0.236],[120.0965,0.2444],[120.0791,0.2743],[120.0652,0.2747],[120.0546,0.286],[120.0551,0.2995],[120.0618,0.3057],[120.0567,0.3345],[120.075,0.3461],[120.0736,0.3615],[120.0828,0.3858],[120.1138,0.3952],[120.1269,0.4084],[120.1287,0.4155],[120.1139,0.4294],[120.1299,0.4581],[120.144,0.4679],[120.1567,0.4684],[120.1586,0.5312],[120.1761,0.5407],[120.1876,0.5697],[120.2031,0.5749],[120.1927,0.5999],[120.1999,0.6734],[120.1966,0.7006],[120.1515,0.7246],[120.1372,0.745]]]]}},{"type":"Feature","properties":{"slug":"garut"},"geometry":{"type":"MultiPolygon","coordinates":[[[[107.4766,-7.2565],[107.4549,-7.2921],[107.4659,-7.327],[107.4846,-7.3569],[107.4737,-7.3821],[107.4738,-7.4015],[107.4319,-7.4236],[107.4203,-7.4624],[107.4231,-7.5056],[107.4739,-7.5189],[107.4833,-7.5391],[107.4988,-7.5354],[107.6056,-7.5734],[107.6235,-7.589],[107.625,-7.598],[107.6397,-7.6017],[107.6739,-7.6267],[107.6883,-7.6511],[107.6907,-7.6685],[107.7209,-7.6668],[107.8101,-7.6876],[107.8347,-7.7054],[107.8343,-7.7215],[107.8433,-7.7352],[107.8999,-7.7396],[107.9068,-7.7372],[107.9313,-7.686],[107.9236,-7.6767],[107.9278,-7.6714],[107.9235,-7.6647],[107.9284,-7.666],[107.9303,-7.6573],[107.9233,-7.652],[107.9252,-7.6179],[107.9187,-7.6133],[107.917,-7.597],[107.9406,-7.5814],[107.9405,-7.5698],[107.9314,-7.5605],[107.9466,-7.5418],[107.9418,-7.5025],[107.9504,-7.4867],[107.9468,-7.4734],[107.9533,-7.4602],[107.9514,-7.4217],[107.9419,-7.4096],[107.949,-7.4015],[107.9362,-7.3999],[107.9338,-7.3884],[107.9045,-7.3626],[107.9283,-7.3506],[107.9293,-7.3386],[107.9463,-7.3305],[107.9402,-7.3162],[107.9285,-7.3126],[107.9316,-7.303],[107.9226,-7.2888],[107.9794,-7.2729],[107.9824,-7.2621],[107.9945,-7.2586],[108.0186,-7.2309],[108.0624,-7.2232],[108.0688,-7.2007],[108.0751,-7.1982],[108.067,-7.1872],[108.0699,-7.1771],[108.0845,-7.1621],[108.0807,-7.1429],[108.068,-7.1301],[108.0858,-7.109],[108.099,-7.1029],[108.1137,-7.1026],[108.1225,-7.1146],[108.126,-7.102],[108.118,-7.0779],[108.1347,-7.0628],[108.1355,-7.0503],[108.1001,-7.0195],[108.0877,-6.9805],[108.0738,-6.9821],[108.0646,-6.995],[108.0427,-6.9966],[108.0232,-6.9818],[107.9907,-6.982],[107.9665,-6.9587],[107.9314,-6.9559],[107.9159,-6.9457],[107.9166,-6.9674],[107.9022,-6.9694],[107.8894,-6.9826],[107.9075,-6.9925],[107.9102,-7.0363],[107.9308,-7.033],[107.9262,-7.0521],[107.8943,-7.0543],[107.8868,-7.0494],[107.8499,-7.0588],[107.8349,-7.0695],[107.8307,-7.0908],[107.8099,-7.1018],[107.8113,-7.1365],[107.798,-7.1574],[107.7856,-7.1616],[107.7708,-7.1568],[107.766,-7.1717],[107.7398,-7.1673],[107.7216,-7.198],[107.7311,-7.2132],[107.7071,-7.2285],[107.7101,-7.2483],[107.739,-7.2667],[107.7224,-7.2897],[107.7313,-7.294],[107.7247,-7.2993],[107.7229,-7.3142],[107.6916,-7.309],[107.6762,-7.3161],[107.6577,-7.2898],[107.641,-7.304],[107.6275,-7.2986],[107.62,-7.307],[107.6052,-7.3078],[107.5992,-7.283],[107.5822,-7.2767],[107.5573,-7.2514],[107.546,-7.2578],[107.534,-7.2513],[107.5007,-7.2572],[107.4801,-7.2515],[107.4766,-7.2565]]]]}},{"type":"Feature","properties":{"slug":"jakarta-pusat"},"geometry":{"type":"MultiPolygon","coordinates":[[[[106.7924,-6.2078],[106.7975,-6.2293],[106.8186,-6.2144],[106.8227,-6.2027],[106.8551,-6.2058],[106.851,-6.2016],[106.8617,-6.1939],[106.875,-6.1923],[106.8814,-6.1625],[106.8612,-6.1509],[106.8436,-6.1537],[106.8441,-6.145],[106.8384,-6.1418],[106.8371,-6.1461],[106.8307,-6.1353],[106.8213,-6.1369],[106.8283,-6.1623],[106.7981,-6.1614],[106.8107,-6.1887],[106.7924,-6.2078]]]]}},{"type":"Feature","properties":{"slug":"jayapura"},"geometry":{"type":"MultiPolygon","coordinates":[[[[140.6322,-2.7161],[140.6334,-2.7225],[140.664,-2.7256],[140.6895,-2.7205],[140.7073,-2.707],[140.7299,-2.7072],[140.8245,-2.7342],[140.8809,-2.7669],[140.9379,-2.7907],[141,-2.8289],[141,-2.6043],[140.9352,-2.6152],[140.9259,-2.6108],[140.9225,-2.6219],[140.9159,-2.6236],[140.8087,-2.6059],[140.789,-2.5955],[140.779,-2.6082],[140.7881,-2.6111],[140.7865,-2.6211],[140.763,-2.6285],[140.7354,-2.618],[140.7111,-2.5953],[140.7093,-2.6013],[140.7115,-2.5972],[140.7378,-2.6273],[140.729,-2.6336],[140.7061,-2.6285],[140.6972,-2.6217],[140.7062,-2.617],[140.6858,-2.6133],[140.6944,-2.603],[140.6897,-2.5948],[140.701,-2.5869],[140.6934,-2.5744],[140.7031,-2.5707],[140.7017,-2.5867],[140.7171,-2.5917],[140.709,-2.5733],[140.7201,-2.5569],[140.7184,-2.5476],[140.7067,-2.5387],[140.7252,-2.535],[140.7309,-2.5182],[140.7378,-2.5352],[140.7483,-2.5343],[140.721,-2.491],[140.694,-2.4782],[140.6775,-2.4816],[140.6707,-2.4748],[140.6528,-2.4762],[140.6249,-2.5316],[140.6263,-2.5833],[140.6141,-2.6125],[140.6211,-2.6149],[140.6266,-2.7042],[140.6322,-2.7161]]]]}},{"type":"Feature","properties":{"slug":"kepulauan-mentawai"},"geometry":{"type":"MultiPolygon","coordinates":[[[[101.0353,-4.0162],[101.0516,-4.0045],[101.0522,-3.9931],[101.0396,-4.0009],[101.0353,-4.0162]]],[[[100.6687,-3.4816],[100.6376,-3.4671],[100.6356,-3.4819],[100.6453,-3.4879],[100.6759,-3.4888],[100.6766,-3.4801],[100.6687,-3.4816]]],[[[100.3368,-3.2836],[100.3303,-3.2851],[100.3335,-3.2931],[100.3488,-3.2907],[100.3473,-3.2964],[100.3487,-3.2901],[100.3368,-3.2836]]],[[[100.4463,-3.2704],[100.4382,-3.2574],[100.4411,-3.2704],[100.4463,-3.2704]]],[[[100.5696,-3.2751],[100.5687,-3.2566],[100.5654,-3.2712],[100.5696,-3.2751]]],[[[100.531,-3.2507],[100.531,-3.2371],[100.5269,-3.2434],[100.531,-3.2507]]],[[[100.4135,-3.2248],[100.4094,-3.2249],[100.4156,-3.2325],[100.4269,-3.2361],[100.4216,-3.2248],[100.4135,-3.2248]]],[[[100.3483,-3.2185],[100.3476,-3.2243],[100.3526,-3.2236],[100.3483,-3.2185]]],[[[100.4929,-3.2303],[100.4922,-3.218],[100.4826,-3.2113],[100.4929,-3.2303]]],[[[100.4633,-3.209],[100.4603,-3.2163],[100.4684,-3.2229],[100.4633,-3.209]]],[[[100.2993,-3.208],[100.2935,-3.211],[100.2993,-3.216],[100.2993,-3.208]]],[[[100.4014,-3.2023],[100.3957,-3.2034],[100.399,-3.2162],[100.4081,-3.2198],[100.4098,-3.2047],[100.4014,-3.2023]]],[[[100.4917,-3.1412],[100.4839,-3.171],[100.4916,-3.1847],[100.5092,-3.2022],[100.5161,-3.1954],[100.5312,-3.1997],[100.5078,-3.1794],[100.5085,-3.168],[100.4981,-3.1625],[100.5026,-3.1603],[100.5007,-3.1469],[100.4917,-3.1412]]],[[[100.3046,-3.1224],[100.2944,-3.1223],[100.3075,-3.1398],[100.3111,-3.1286],[100.3046,-3.1224]]],[[[100.2315,-3.1167],[100.2273,-3.1187],[100.2369,-3.1207],[100.2315,-3.1167]]],[[[100.1747,-3.0537],[100.1703,-3.062],[100.181,-3.0755],[100.1908,-3.0766],[100.1908,-3.068],[100.1976,-3.0659],[100.1938,-3.0592],[100.1747,-3.0537]]],[[[100.4615,-3.0389],[100.4574,-3.0384],[100.4585,-3.0494],[100.4615,-3.0389]]],[[[100.1617,-3.0064],[100.1608,-3.0106],[100.1686,-3.011],[100.1617,-3.0064]]],[[[100.1542,-3.0108],[100.1445,-3.0083],[100.1529,-3.0275],[100.1542,-3.0108]]],[[[100.179,-2.8849],[100.1726,-2.8896],[100.1763,-2.8945],[100.1817,-2.891],[100.179,-2.8849]]],[[[100.1676,-2.8747],[100.162,-2.8715],[100.1595,-2.8774],[100.1675,-2.8846],[100.1676,-2.8747]]],[[[100.1445,-2.8468],[100.131,-2.8521],[100.1314,-2.8574],[100.1497,-2.8616],[100.1499,-2.8502],[100.1445,-2.8468]]],[[[100.1713,-2.8297],[100.176,-2.8265],[100.1727,-2.8205],[100.1674,-2.8246],[100.1713,-2.8297]]],[[[100.2706,-2.8181],[100.2643,-2.8233],[100.2704,-2.8311],[100.2706,-2.8181]]],[[[100.1675,-2.8208],[100.1699,-2.8103],[100.1627,-2.814],[100.1675,-2.8208]]],[[[100.2268,-2.785],[100.2007,-2.7853],[100.1993,-2.7931],[100.1909,-2.7955],[100.1902,-2.7902],[100.1758,-2.8008],[100.1844,-2.835],[100.1786,-2.842],[100.1948,-2.8725],[100.1959,-2.8947],[100.1901,-2.9052],[100.2014,-2.932],[100.1997,-2.9406],[100.1908,-2.9435],[100.1917,-2.9541],[100.1821,-2.9549],[100.1797,-2.962],[100.1907,-2.9721],[100.1865,-2.989],[100.1944,-2.9978],[100.2011,-2.9963],[100.2139,-3.022],[100.223,-3.023],[100.2189,-3.0287],[100.222,-3.0358],[100.2305,-3.0367],[100.2314,-3.0571],[100.2459,-3.0438],[100.2545,-3.0493],[100.2481,-3.0623],[100.2586,-3.0598],[100.2621,-3.0677],[100.247,-3.0731],[100.2469,-3.0807],[100.2634,-3.0909],[100.2711,-3.0772],[100.2937,-3.0818],[100.3116,-3.1027],[100.3076,-3.1141],[100.3236,-3.1193],[100.322,-3.1263],[100.3315,-3.131],[100.3316,-3.1401],[100.3394,-3.1408],[100.3332,-3.1474],[100.3395,-3.163],[100.3246,-3.1705],[100.3267,-3.1782],[100.3403,-3.1912],[100.3392,-3.2013],[100.3686,-3.2267],[100.3439,-3.2292],[100.3381,-3.2163],[100.3244,-3.2074],[100.3254,-3.2288],[100.336,-3.2319],[100.3365,-3.2466],[100.3539,-3.2437],[100.3768,-3.2534],[100.3827,-3.2598],[100.3774,-3.2648],[100.3802,-3.2875],[100.417,-3.308],[100.4203,-3.3232],[100.4399,-3.3444],[100.4722,-3.3483],[100.4786,-3.3367],[100.4694,-3.3248],[100.4705,-3.3148],[100.4575,-3.3072],[100.4444,-3.2831],[100.4327,-3.28],[100.4292,-3.2577],[100.4113,-3.2449],[100.4019,-3.2254],[100.3958,-3.2267],[100.3897,-3.1955],[100.3736,-3.1796],[100.3922,-3.1973],[100.4097,-3.1935],[100.3956,-3.1743],[100.3663,-3.171],[100.3591,-3.1635],[100.3644,-3.1675],[100.3647,-3.1622],[100.3772,-3.1642],[100.3836,-3.157],[100.3908,-3.1608],[100.3918,-3.1505],[100.4233,-3.1561],[100.427,-3.1432],[100.4431,-3.1513],[100.4489,-3.1453],[100.4702,-3.1439],[100.4723,-3.1278],[100.4582,-3.1214],[100.4574,-3.1079],[100.4626,-3.1066],[100.4559,-3.1012],[100.4682,-3.0679],[100.4684,-3.0437],[100.4638,-3.0398],[100.4604,-3.0519],[100.4509,-3.0447],[100.4461,-3.0225],[100.4494,-3.0189],[100.4578,-3.0278],[100.4531,-3.0158],[100.4618,-3.0346],[100.4686,-3.0196],[100.4615,-3.025],[100.4551,-3.0103],[100.429,-3.0033],[100.4216,-2.9742],[100.3945,-2.9571],[100.3549,-2.9016],[100.3101,-2.874],[100.294,-2.8514],[100.2836,-2.8531],[100.284,-2.8443],[100.2671,-2.8429],[100.2709,-2.8363],[100.2612,-2.8252],[100.2649,-2.8183],[100.2602,-2.8189],[100.2647,-2.8147],[100.2588,-2.8105],[100.2591,-2.8191],[100.2586,-2.8135],[100.2506,-2.8136],[100.257,-2.8014],[100.2497,-2.8068],[100.2525,-2.7984],[100.2401,-2.7989],[100.2404,-2.7878],[100.2268,-2.785]]],[[[99.9841,-2.747],[99.9797,-2.7465],[99.981,-2.7569],[99.9871,-2.7533],[99.9841,-2.747]]],[[[99.9939,-2.5025],[99.973,-2.5114],[99.9738,-2.567],[99.9586,-2.5696],[99.9881,-2.6078],[99.9874,-2.6219],[99.9776,-2.6227],[99.975,-2.6299],[99.9887,-2.6385],[99.9941,-2.6582],[100.0095,-2.674],[100.0105,-2.6913],[99.9989,-2.6969],[100.0095,-2.7272],[100.0047,-2.7315],[100.012,-2.7407],[99.995,-2.7511],[99.9964,-2.76],[99.9889,-2.7652],[99.9949,-2.7713],[99.9784,-2.7663],[99.9767,-2.7722],[99.98,-2.7665],[99.9866,-2.7702],[99.9737,-2.7869],[99.9808,-2.7854],[99.9855,-2.7738],[99.994,-2.7766],[99.9908,-2.7907],[100.0163,-2.8105],[100.017,-2.8195],[100.0127,-2.829],[99.997,-2.8274],[99.9961,-2.8322],[100.0193,-2.8509],[100.0324,-2.8463],[100.0408,-2.8513],[100.0391,-2.8226],[100.0482,-2.8154],[100.0586,-2.8186],[100.0738,-2.8418],[100.0831,-2.8419],[100.0808,-2.8318],[100.0914,-2.8297],[100.1042,-2.839],[100.1305,-2.8373],[100.133,-2.8326],[100.1433,-2.8406],[100.1474,-2.8363],[100.14,-2.8232],[100.1413,-2.8081],[100.1723,-2.7891],[100.1933,-2.7844],[100.1965,-2.775],[100.2163,-2.7759],[100.2216,-2.7514],[100.2183,-2.737],[100.2026,-2.7168],[100.1994,-2.6994],[100.1721,-2.6477],[100.1284,-2.6241],[100.0983,-2.5886],[100.09,-2.5905],[100.0709,-2.5799],[100.0353,-2.543],[100.0271,-2.5263],[99.9939,-2.5025]]],[[[99.7175,-2.3567],[99.7111,-2.3604],[99.7122,-2.3771],[99.722,-2.384],[99.7325,-2.3806],[99.7363,-2.3942],[99.7489,-2.3859],[99.7441,-2.3761],[99.7437,-2.383],[99.7346,-2.3871],[99.7383,-2.3682],[99.7175,-2.3567]]],[[[99.5423,-2.223],[99.5405,-2.211],[99.5365,-2.2195],[99.5423,-2.223]]],[[[99.5279,-2.1287],[99.5283,-2.1341],[99.5397,-2.1312],[99.5279,-2.1287]]],[[[99.5927,-2.031],[99.5876,-2.0254],[99.5592,-2.0451],[99.5665,-2.063],[99.5471,-2.0709],[99.5508,-2.1047],[99.566,-2.1224],[99.5632,-2.1296],[99.5729,-2.1487],[99.5662,-2.1543],[99.5384,-2.1438],[99.5284,-2.1538],[99.551,-2.2087],[99.5747,-2.2272],[99.5749,-2.2456],[99.5892,-2.2221],[99.5978,-2.2285],[99.5925,-2.2525],[99.604,-2.2421],[99.6102,-2.2466],[99.6103,-2.253],[99.598,-2.2603],[99.6007,-2.2836],[99.6148,-2.2931],[99.6262,-2.2727],[99.6322,-2.2903],[99.6445,-2.2811],[99.674,-2.289],[99.7067,-2.3108],[99.7106,-2.3275],[99.7305,-2.3335],[99.7382,-2.3452],[99.7841,-2.3441],[99.7986,-2.3709],[99.8381,-2.3639],[99.8426,-2.3952],[99.8611,-2.4022],[99.8635,-2.385],[99.8442,-2.348],[99.8466,-2.3356],[99.8349,-2.3301],[99.8225,-2.3063],[99.8122,-2.304],[99.8144,-2.2973],[99.8005,-2.289],[99.7818,-2.2913],[99.7855,-2.2718],[99.7807,-2.2551],[99.7539,-2.2358],[99.7454,-2.213],[99.735,-2.2046],[99.736,-2.187],[99.7204,-2.1823],[99.7261,-2.175],[99.711,-2.1628],[99.7175,-2.1649],[99.7018,-2.0849],[99.6928,-2.0865],[99.6915,-2.076],[99.668,-2.0664],[99.6522,-2.0475],[99.6374,-2.0507],[99.634,-2.0441],[99.6415,-2.0402],[99.6371,-2.0352],[99.6163,-2.0399],[99.6159,-2.0341],[99.6235,-2.0362],[99.6261,-2.0288],[99.6031,-2.0332],[99.5985,-2.028],[99.5839,-2.0403],[99.5927,-2.031]]],[[[99.5646,-2.0045],[99.5472,-2.0084],[99.5557,-2.0224],[99.5663,-2.0194],[99.5756,-2.0246],[99.5709,-2.0067],[99.5646,-2.0045]]],[[[99.5789,-1.9935],[99.5695,-1.989],[99.5636,-1.9995],[99.5697,-2.0001],[99.5699,-1.9938],[99.5779,-2.0036],[99.5789,-1.9935]]],[[[99.5819,-1.9685],[99.5766,-1.9754],[99.5869,-1.9924],[99.6062,-1.9964],[99.5937,-1.9746],[99.5819,-1.9685]]],[[[99.3043,-1.8997],[99.2952,-1.901],[99.2934,-1.9198],[99.2981,-1.9288],[99.3101,-1.9308],[99.3159,-1.9243],[99.3043,-1.8997]]],[[[99.2804,-1.8714],[99.2755,-1.8735],[99.2795,-1.8791],[99.29,-1.8794],[99.2804,-1.8714]]],[[[99.0912,-1.8602],[99.077,-1.8661],[99.0914,-1.8662],[99.0953,-1.8628],[99.0912,-1.8602]]],[[[99.3113,-1.8444],[99.3029,-1.8548],[99.3191,-1.8548],[99.3113,-1.8444]]],[[[99.1488,-1.8368],[99.1415,-1.8358],[99.1505,-1.841],[99.1488,-1.8368]]],[[[99.047,-1.8156],[99.0463,-1.8052],[99.0425,-1.8102],[99.047,-1.8156]]],[[[99.2601,-1.7917],[99.2549,-1.7905],[99.2695,-1.8125],[99.2419,-1.851],[99.2699,-1.8379],[99.2869,-1.8403],[99.2947,-1.8332],[99.2895,-1.8059],[99.2601,-1.7917]]],[[[99.2694,-1.771],[99.2639,-1.7686],[99.2667,-1.7746],[99.2694,-1.771]]],[[[99.182,-1.4896],[99.1784,-1.4916],[99.1868,-1.498],[99.182,-1.4896]]],[[[99.1766,-1.4813],[99.1732,-1.4729],[99.1694,-1.481],[99.1753,-1.4892],[99.1766,-1.4813]]],[[[99.1127,-1.3541],[99.1106,-1.3642],[99.1212,-1.3664],[99.1127,-1.3541]]],[[[98.8993,-0.9059],[98.867,-0.9322],[98.8248,-0.9395],[98.7976,-0.9565],[98.7418,-0.9591],[98.721,-0.9439],[98.7116,-0.945],[98.6852,-0.9591],[98.6636,-0.9797],[98.6568,-1.0884],[98.6509,-1.1066],[98.6411,-1.1096],[98.6371,-1.1416],[98.6336,-1.1487],[98.6271,-1.1469],[98.6157,-1.1831],[98.5967,-1.1989],[98.6043,-1.2272],[98.6355,-1.2587],[98.6418,-1.2759],[98.6371,-1.2868],[98.654,-1.3136],[98.6862,-1.3495],[98.7366,-1.4215],[98.7466,-1.4454],[98.804,-1.5184],[98.8062,-1.5367],[98.837,-1.5858],[98.8372,-1.6021],[98.8255,-1.6161],[98.8616,-1.6451],[98.8773,-1.6786],[99.0118,-1.7626],[99.1054,-1.8063],[99.1084,-1.8124],[99.1421,-1.8048],[99.1461,-1.788],[99.1673,-1.7795],[99.2261,-1.785],[99.2411,-1.7968],[99.2474,-1.778],[99.261,-1.779],[99.2633,-1.7732],[99.2405,-1.7405],[99.2465,-1.732],[99.2385,-1.7142],[99.24,-1.6986],[99.2258,-1.6814],[99.2208,-1.6634],[99.2299,-1.6689],[99.2348,-1.6846],[99.2407,-1.6764],[99.2167,-1.6402],[99.1986,-1.6448],[99.1995,-1.6376],[99.2082,-1.6343],[99.206,-1.6244],[99.2235,-1.6296],[99.2433,-1.6743],[99.2423,-1.6847],[99.2519,-1.6929],[99.2539,-1.7119],[99.2619,-1.717],[99.2637,-1.7124],[99.2624,-1.7367],[99.2821,-1.7522],[99.2921,-1.7505],[99.2861,-1.7272],[99.3024,-1.7205],[99.2915,-1.7087],[99.3007,-1.7011],[99.2916,-1.6873],[99.3045,-1.6858],[99.293,-1.6786],[99.287,-1.6633],[99.2829,-1.6766],[99.2903,-1.6777],[99.2869,-1.6822],[99.2783,-1.6777],[99.2798,-1.6683],[99.2749,-1.6702],[99.275,-1.6617],[99.2924,-1.6529],[99.2794,-1.6499],[99.2812,-1.6441],[99.2701,-1.6449],[99.2807,-1.6408],[99.2755,-1.6326],[99.2874,-1.6386],[99.2878,-1.6324],[99.273,-1.6143],[99.2658,-1.6173],[99.2701,-1.6139],[99.2668,-1.6031],[99.2542,-1.6036],[99.2599,-1.5947],[99.2331,-1.6093],[99.2204,-1.6047],[99.2102,-1.5789],[99.1983,-1.5796],[99.194,-1.5676],[99.1962,-1.5573],[99.209,-1.5523],[99.1935,-1.5437],[99.2054,-1.5337],[99.2014,-1.5164],[99.1952,-1.5093],[99.1853,-1.5211],[99.1809,-1.5044],[99.1731,-1.5048],[99.1602,-1.4893],[99.1482,-1.4859],[99.1151,-1.4415],[99.123,-1.4399],[99.1431,-1.4597],[99.1699,-1.4709],[99.1599,-1.4498],[99.1691,-1.441],[99.167,-1.4314],[99.147,-1.3992],[99.1415,-1.3972],[99.1281,-1.4083],[99.134,-1.3953],[99.1298,-1.3866],[99.1149,-1.3877],[99.1134,-1.3973],[99.1081,-1.3894],[99.1032,-1.3918],[99.1171,-1.3782],[99.1094,-1.3795],[99.1079,-1.3707],[99.0991,-1.3653],[99.0894,-1.3299],[99.0921,-1.3172],[99.0811,-1.2943],[99.0724,-1.2915],[99.0691,-1.3036],[99.0625,-1.301],[99.0643,-1.2963],[99.0506,-1.2947],[99.0648,-1.2889],[99.0524,-1.2744],[99.0692,-1.2727],[99.0685,-1.2529],[99.0509,-1.2264],[99.0448,-1.2313],[99.0241,-1.2207],[99.0287,-1.2109],[99.0362,-1.2131],[99.0415,-1.2056],[99.0315,-1.1828],[99.0082,-1.1634],[98.9995,-1.1348],[99.0023,-1.1149],[98.9721,-1.0957],[98.958,-1.0759],[98.9603,-1.0821],[98.9535,-1.0869],[98.9586,-1.0904],[98.9488,-1.0891],[98.9549,-1.0838],[98.9483,-1.0838],[98.9469,-1.068],[98.9406,-1.0691],[98.9353,-1.0604],[98.9404,-1.0574],[98.9362,-1.0281],[98.9166,-0.9994],[98.9201,-0.9884],[98.9268,-0.9881],[98.9444,-1.0162],[98.9517,-1.0139],[98.944,-1.0055],[98.9453,-0.9813],[98.9317,-0.9583],[98.9357,-0.9502],[98.9278,-0.9311],[98.9073,-0.9457],[98.8987,-0.9417],[98.9024,-0.9266],[98.9072,-0.9427],[98.911,-0.9407],[98.9126,-0.9146],[98.8993,-0.9059]]]]}},{"type":"Feature","properties":{"slug":"kota-ambon"},"geometry":{"type":"MultiPolygon","coordinates":[[[[128.2713,-3.6182],[128.2703,-3.5994],[128.2386,-3.573],[128.232,-3.5816],[128.2174,-3.5801],[128.206,-3.6003],[128.2005,-3.5989],[128.1888,-3.6293],[128.1824,-3.6231],[128.1436,-3.6236],[128.128,-3.6328],[128.0962,-3.6331],[128.0647,-3.6511],[128.0443,-3.6434],[128.0284,-3.6658],[128.034,-3.6842],[128.0774,-3.7063],[128.085,-3.7227],[128.0996,-3.7137],[128.1058,-3.6945],[128.1173,-3.686],[128.159,-3.6659],[128.2015,-3.6589],[128.1947,-3.6412],[128.2125,-3.6326],[128.2249,-3.6357],[128.2319,-3.6283],[128.2444,-3.6391],[128.2243,-3.6553],[128.1998,-3.6637],[128.1717,-3.7019],[128.1548,-3.7071],[128.1302,-3.7451],[128.1296,-3.756],[128.1046,-3.7713],[128.0896,-3.7926],[128.1513,-3.7714],[128.1596,-3.7494],[128.1828,-3.744],[128.1919,-3.7452],[128.1943,-3.7521],[128.2159,-3.7451],[128.2267,-3.7484],[128.2645,-3.7294],[128.2699,-3.7061],[128.2992,-3.6942],[128.301,-3.6795],[128.2956,-3.6643],[128.2569,-3.6301],[128.2612,-3.6184],[128.2713,-3.6182]]]]}},{"type":"Feature","properties":{"slug":"kota-balikpapan"},"geometry":{"type":"MultiPolygon","coordinates":[[[[116.8372,-1.046],[116.8062,-1.0581],[116.8005,-1.0494],[116.775,-1.0418],[116.7595,-1.0756],[116.7295,-1.0669],[116.7315,-1.0861],[116.7162,-1.1098],[116.7238,-1.1208],[116.7569,-1.1385],[116.7753,-1.1876],[116.7664,-1.2121],[116.7919,-1.2358],[116.8157,-1.2402],[116.8162,-1.2588],[116.8053,-1.2733],[116.8108,-1.2821],[116.8543,-1.2745],[116.8841,-1.2766],[116.9355,-1.2519],[117.0002,-1.2007],[117.0111,-1.184],[117.0225,-1.1413],[117.0037,-1.1303],[116.9724,-1.1254],[116.9488,-1.1084],[116.9291,-1.1061],[116.9325,-1.0981],[116.9081,-1.0809],[116.9028,-1.0634],[116.8819,-1.0555],[116.8606,-1.0585],[116.8372,-1.046]]]]}},{"type":"Feature","properties":{"slug":"kota-bandung"},"geometry":{"type":"MultiPolygon","coordinates":[[[[107.6286,-6.8557],[107.625,-6.8482],[107.6219,-6.856],[107.6161,-6.8471],[107.6045,-6.8594],[107.5976,-6.8369],[107.5892,-6.8572],[107.5758,-6.8677],[107.5715,-6.8822],[107.5763,-6.8907],[107.5561,-6.889],[107.569,-6.9103],[107.5652,-6.9297],[107.5459,-6.9281],[107.5626,-6.9508],[107.5848,-6.9624],[107.6943,-6.9697],[107.716,-6.9617],[107.7131,-6.9475],[107.7382,-6.8996],[107.7261,-6.895],[107.7152,-6.9036],[107.7146,-6.8902],[107.7076,-6.8897],[107.7,-6.9082],[107.6808,-6.8894],[107.6681,-6.891],[107.6702,-6.884],[107.6653,-6.8901],[107.6636,-6.8836],[107.6565,-6.8943],[107.6465,-6.8885],[107.6423,-6.8938],[107.6365,-6.886],[107.6326,-6.8893],[107.6309,-6.8721],[107.6234,-6.8643],[107.6286,-6.8557]]]]}},{"type":"Feature","properties":{"slug":"kota-batam"},"geometry":{"type":"MultiPolygon","coordinates":[[[[104.2648,0.5017],[104.2567,0.5001],[104.2745,0.4842],[104.2648,0.5017]]],[[[104.284,0.5269],[104.2872,0.4877],[104.2957,0.475],[104.2915,0.5192],[104.284,0.5269]]],[[[104.2241,0.5568],[104.2226,0.5352],[104.2389,0.5308],[104.233,0.5479],[104.2375,0.5533],[104.2241,0.5568]]],[[[104.2394,0.5582],[104.2351,0.5625],[104.2315,0.5567],[104.2394,0.5582]]],[[[104.2198,0.5621],[104.2161,0.568],[104.2083,0.5629],[104.2117,0.5564],[104.2198,0.5621]]],[[[104.1981,0.6087],[104.1852,0.5879],[104.1965,0.545],[104.1928,0.5704],[104.1982,0.561],[104.2071,0.5756],[104.2299,0.5701],[104.2167,0.5908],[104.2023,0.5948],[104.1981,0.6087]]],[[[104.0414,0.6334],[104.0395,0.6376],[104.0366,0.633],[104.0414,0.6334]]],[[[104.0856,0.643],[104.0778,0.6435],[104.0851,0.6283],[104.0815,0.6159],[104.086,0.6027],[104.0898,0.6171],[104.1042,0.6245],[104.0856,0.643]]],[[[104.2424,0.6452],[104.2434,0.6367],[104.2499,0.6366],[104.2424,0.6452]]],[[[104.3347,0.6778],[104.3304,0.6729],[104.3423,0.6706],[104.3347,0.6778]]],[[[104.3422,0.6794],[104.3386,0.6774],[104.3483,0.6768],[104.3422,0.6794]]],[[[104.2999,0.6766],[104.2965,0.674],[104.3017,0.6723],[104.2999,0.6766]]],[[[104.3187,0.6849],[104.3085,0.6687],[104.3125,0.6618],[104.3182,0.6656],[104.3291,0.6595],[104.3268,0.6787],[104.3187,0.6849]]],[[[104.294,0.6891],[104.2864,0.6905],[104.2835,0.6847],[104.2753,0.6891],[104.271,0.6829],[104.2803,0.673],[104.2945,0.6721],[104.2942,0.6827],[104.3008,0.6862],[104.294,0.6891]]],[[[104.3133,0.7002],[104.3093,0.6977],[104.3209,0.6849],[104.3363,0.6823],[104.3133,0.7002]]],[[[104.2142,0.7189],[104.2098,0.7102],[104.2215,0.6831],[104.2273,0.6877],[104.2348,0.6698],[104.2473,0.6686],[104.2509,0.6507],[104.2634,0.6364],[104.2645,0.6218],[104.2733,0.6246],[104.2885,0.6109],[104.2861,0.6603],[104.279,0.6719],[104.2601,0.6883],[104.2579,0.6762],[104.2142,0.7189]]],[[[104.309,0.7631],[104.2988,0.756],[104.3165,0.7489],[104.3278,0.7534],[104.3566,0.7403],[104.3555,0.7494],[104.309,0.7631]]],[[[104.2143,0.7912],[104.2167,0.7865],[104.2198,0.7905],[104.2143,0.7912]]],[[[104.2027,0.7949],[104.2016,0.7813],[104.2122,0.7825],[104.2103,0.7932],[104.2027,0.7949]]],[[[104.2173,0.7985],[104.2126,0.7973],[104.2224,0.7935],[104.2173,0.7985]]],[[[104.2617,0.8009],[104.2509,0.8006],[104.2399,0.79],[104.2167,0.7846],[104.2126,0.7891],[104.212,0.7816],[104.2019,0.7803],[104.1933,0.7872],[104.1859,0.776],[104.1734,0.7828],[104.1709,0.7791],[104.1896,0.7517],[104.189,0.7337],[104.1965,0.721],[104.2007,0.7285],[104.2113,0.7192],[104.2187,0.7247],[104.2406,0.6974],[104.2594,0.6918],[104.263,0.6995],[104.2589,0.7019],[104.2678,0.7059],[104.2745,0.7015],[104.2783,0.7095],[104.3095,0.7074],[104.2868,0.7206],[104.2839,0.729],[104.273,0.7303],[104.2632,0.745],[104.2579,0.7695],[104.2677,0.7745],[104.2651,0.7812],[104.2781,0.7956],[104.2616,0.7933],[104.2617,0.8009]]],[[[104.2315,0.8065],[104.2352,0.8086],[104.2271,0.8081],[104.2315,0.8065]]],[[[104.1856,0.8776],[104.1845,0.885],[104.1805,0.8801],[104.1856,0.8776]]],[[[103.9531,0.9047],[103.9504,0.8997],[103.9599,0.8932],[103.9582,0.9041],[103.9531,0.9047]]],[[[104.05,0.9203],[104.0393,0.9128],[104.0442,0.9102],[104.0409,0.9035],[104.0333,0.901],[104.0359,0.8924],[104.0514,0.9007],[104.0503,0.9124],[104.0572,0.9167],[104.05,0.9203]]],[[[104.2116,0.9233],[104.199,0.917],[104.1933,0.9022],[104.2074,0.9051],[104.2116,0.9233]]],[[[103.9508,0.9234],[103.9472,0.9157],[103.9524,0.9059],[103.9648,0.908],[103.9645,0.9191],[103.9508,0.9234]]],[[[104.1834,0.9317],[104.1827,0.937],[104.1724,0.9384],[104.1628,0.9306],[104.1581,0.9254],[104.1614,0.9106],[104.1884,0.9192],[104.191,0.9306],[104.1834,0.9317]]],[[[104.2056,0.9427],[104.2047,0.9476],[104.2019,0.9411],[104.2056,0.9427]]],[[[103.7743,0.9469],[103.7676,0.9462],[103.7709,0.9311],[103.778,0.9397],[103.7743,0.9469]]],[[[104.1679,0.9609],[104.1421,0.9546],[104.1518,0.9343],[104.1605,0.935],[104.1586,0.9454],[104.1618,0.938],[104.1979,0.9472],[104.1679,0.9609]]],[[[104.1193,0.958],[104.1196,0.9622],[104.1111,0.9535],[104.1013,0.9606],[104.0893,0.9528],[104.0778,0.9598],[104.0841,0.9516],[104.0786,0.9426],[104.0949,0.9266],[104.0922,0.8705],[104.1004,0.8798],[104.1162,0.8772],[104.1211,0.8618],[104.1317,0.8659],[104.1463,0.8557],[104.1576,0.8243],[104.1544,0.8162],[104.1608,0.8136],[104.1676,0.7875],[104.181,0.783],[104.2001,0.7976],[104.2023,0.8079],[104.2155,0.8036],[104.2314,0.8179],[104.2452,0.8203],[104.2431,0.832],[104.2604,0.8403],[104.2661,0.859],[104.2561,0.8664],[104.2365,0.86],[104.2349,0.8752],[104.2097,0.8818],[104.1885,0.873],[104.1813,0.8781],[104.1665,0.8674],[104.1705,0.8993],[104.1653,0.905],[104.1532,0.8984],[104.1545,0.9272],[104.1477,0.9282],[104.1401,0.9431],[104.1256,0.9357],[104.1263,0.9523],[104.1201,0.9515],[104.1193,0.958]]],[[[104.0219,0.9626],[104.0283,0.9518],[104.0299,0.9578],[104.0219,0.9626]]],[[[103.9703,0.9647],[103.9663,0.9604],[103.9715,0.9507],[103.9703,0.9647]]],[[[103.8442,0.9657],[103.843,0.9602],[103.8503,0.9615],[103.8442,0.9657]]],[[[103.9944,0.9662],[103.9921,0.958],[103.998,0.9512],[103.9944,0.9662]]],[[[103.7884,0.967],[103.7801,0.9639],[103.7945,0.9569],[103.7884,0.967]]],[[[104.0241,0.97],[104.0201,0.9684],[104.0258,0.9657],[104.0241,0.97]]],[[[103.8059,0.9711],[103.7993,0.9673],[103.8029,0.9607],[103.8059,0.9711]]],[[[104.0843,0.9718],[104.0948,0.9581],[104.0935,0.9697],[104.0843,0.9718]]],[[[104.062,0.9677],[104.0589,0.9738],[104.0577,0.9671],[104.0455,0.9636],[104.0441,0.9496],[104.0493,0.9465],[104.0452,0.9378],[104.0469,0.9297],[104.0548,0.9326],[104.0681,0.9144],[104.0801,0.9351],[104.0738,0.9428],[104.08,0.949],[104.0689,0.9627],[104.0601,0.9575],[104.062,0.9677]]],[[[104.1546,0.9702],[104.1428,0.974],[104.1453,0.9636],[104.1549,0.9575],[104.1746,0.9696],[104.1546,0.9702]]],[[[103.9818,0.9759],[103.9806,0.9658],[103.9911,0.9456],[103.9926,0.9632],[103.9818,0.9759]]],[[[104.0558,0.977],[104.0502,0.9682],[104.0574,0.9686],[104.0558,0.977]]],[[[103.7729,0.9791],[103.7658,0.9768],[103.772,0.9694],[103.7766,0.9728],[103.7729,0.9791]]],[[[104.0446,0.9791],[104.04,0.9739],[104.0477,0.9763],[104.0446,0.9791]]],[[[104.0766,0.9824],[104.0698,0.9815],[104.0791,0.9754],[104.0766,0.9824]]],[[[104.1113,0.9833],[104.1034,0.9741],[104.1208,0.9653],[104.1113,0.9833]]],[[[103.814,0.9812],[103.8092,0.9874],[103.8097,0.9798],[103.814,0.9812]]],[[[104.1185,0.9958],[104.1166,0.9865],[104.1319,0.9885],[104.1185,0.9958]]],[[[104.1416,0.9983],[104.146,0.9845],[104.1486,0.9903],[104.1416,0.9983]]],[[[103.9522,0.9982],[103.9426,0.9988],[103.9667,0.9753],[103.9756,0.9741],[103.978,0.9819],[103.9522,0.9982]]],[[[103.8272,0.9953],[103.8279,1.0057],[103.8229,0.9989],[103.8272,0.9953]]],[[[103.9934,1.0094],[103.9828,1.0038],[103.9918,1.0007],[103.9934,1.0094]]],[[[103.7598,1.015],[103.7548,1.0157],[103.7572,1.0035],[103.7598,1.015]]],[[[104.1154,1.0169],[104.103,1.0158],[104.1001,1.0048],[104.1083,1.0045],[104.1154,1.0169]]],[[[104.1442,1.0176],[104.1403,1.0206],[104.1383,1.0146],[104.1442,1.0176]]],[[[104.0994,1.024],[104.0924,1.0131],[104.0959,1.006],[104.1046,1.0216],[104.0994,1.024]]],[[[104.084,1.026],[104.0814,1.0207],[104.0886,1.0185],[104.084,1.026]]],[[[104.1808,1.0245],[104.1782,1.0284],[104.165,1.0123],[104.1555,1.0157],[104.1521,1.0078],[104.1577,0.9967],[104.1743,0.9977],[104.184,1.0142],[104.1808,1.0245]]],[[[104.1366,1.0348],[104.1292,1.0262],[104.1384,1.0305],[104.1366,1.0348]]],[[[103.8726,1.0341],[103.8538,1.034],[103.8544,1.0228],[103.8483,1.0247],[103.8606,1.0075],[103.834,1.0173],[103.8329,0.9775],[103.9441,0.9102],[103.9435,0.926],[103.9631,0.9371],[103.9672,0.967],[103.9381,0.9975],[103.9266,0.9983],[103.9227,1.0087],[103.9012,0.9991],[103.8845,1.0153],[103.8775,1.0132],[103.8752,1.0191],[103.8839,1.028],[103.8726,1.0341]]],[[[103.904,1.031],[103.8959,1.0388],[103.8946,1.0308],[103.8848,1.0299],[103.8927,1.011],[103.9031,1.0029],[103.9202,1.0121],[103.9077,1.0191],[103.904,1.031]]],[[[103.8055,1.0392],[103.802,1.037],[103.8095,1.0355],[103.8055,1.0392]]],[[[103.877,1.0459],[103.8826,1.0328],[103.8896,1.0336],[103.8891,1.0421],[103.8849,1.0389],[103.877,1.0459]]],[[[103.7765,1.0492],[103.7691,1.0486],[103.7707,1.0331],[103.7492,1.0294],[103.7655,1.0147],[103.7678,1.0006],[103.7742,1.0046],[103.7746,0.9888],[103.782,0.9786],[103.7981,0.9685],[103.8056,0.9731],[103.7951,1.0119],[103.7996,1.0251],[103.7919,1.0462],[103.7832,1.0367],[103.7855,1.0409],[103.7765,1.0492]]],[[[103.8312,1.0524],[103.8189,1.0474],[103.8296,1.0438],[103.8312,1.0524]]],[[[103.8977,1.0615],[103.8946,1.0651],[103.8919,1.0587],[103.8926,1.0406],[103.9,1.0388],[103.8977,1.0615]]],[[[104.1682,1.0659],[104.1611,1.0575],[104.1648,1.0484],[104.155,1.039],[104.1637,1.0408],[104.1608,1.0302],[104.1674,1.022],[104.1812,1.0347],[104.1843,1.0502],[104.1682,1.0659]]],[[[103.8178,1.0675],[103.8127,1.0633],[103.8197,1.0559],[103.8251,1.0601],[103.8178,1.0675]]],[[[103.8489,1.0682],[103.8434,1.0751],[103.8429,1.0679],[103.833,1.0635],[103.8376,1.0579],[103.8347,1.0288],[103.8458,1.0278],[103.8444,1.0354],[103.8613,1.0422],[103.8758,1.0389],[103.8671,1.0484],[103.8799,1.0479],[103.8823,1.0529],[103.8534,1.0747],[103.8489,1.0682]]],[[[103.829,1.0769],[103.8181,1.0707],[103.8263,1.0667],[103.829,1.0769]]],[[[103.865,1.0778],[103.8594,1.0828],[103.8559,1.0789],[103.87,1.0639],[103.865,1.0778]]],[[[103.8714,1.092],[103.8687,1.0985],[103.8626,1.095],[103.8664,1.0873],[103.8714,1.092]]],[[[103.8027,1.1011],[103.7917,1.1109],[103.7911,1.0971],[103.7995,1.086],[103.8124,1.084],[103.8147,1.09],[103.8027,1.1011]]],[[[103.9148,1.1198],[103.912,1.1249],[103.914,1.1175],[103.9003,1.1057],[103.9023,1.1012],[103.9207,1.1059],[103.9197,1.1113],[103.9119,1.1098],[103.9196,1.1159],[103.9148,1.1198]]],[[[103.8828,1.1266],[103.8784,1.1245],[103.8839,1.1219],[103.8828,1.1266]]],[[[104.0741,1.1381],[104.0685,1.1349],[104.0733,1.1326],[104.0741,1.1381]]],[[[103.8892,1.1579],[103.8745,1.1433],[103.8926,1.144],[103.896,1.1507],[103.8892,1.1579]]],[[[103.8976,1.1652],[103.898,1.157],[103.9048,1.155],[103.8976,1.1652]]],[[[104.1139,1.1964],[104.0987,1.2002],[104.0724,1.1868],[104.0706,1.1622],[104.0928,1.1561],[104.0901,1.1423],[104.079,1.1444],[104.0836,1.1285],[104.0729,1.1193],[104.0729,1.1293],[104.065,1.1362],[104.0544,1.1315],[104.0503,1.1489],[104.0586,1.1585],[104.052,1.1662],[104.0488,1.1622],[104.0413,1.1776],[104.0251,1.1761],[104.0264,1.188],[104.0206,1.1924],[103.9986,1.1805],[104.0018,1.1654],[103.9966,1.1649],[103.9956,1.1539],[104.0007,1.15],[103.9921,1.1501],[103.9908,1.1411],[103.9846,1.144],[104.0003,1.1203],[103.9872,1.129],[103.9886,1.1337],[103.981,1.1299],[103.9779,1.1376],[103.9655,1.1245],[103.9674,1.137],[103.9606,1.1431],[103.9568,1.1363],[103.948,1.1455],[103.943,1.1371],[103.9211,1.1431],[103.9235,1.1268],[103.9375,1.1118],[103.9336,1.107],[103.9297,1.1114],[103.9285,1.1],[103.9367,1.0825],[103.9222,1.0698],[103.923,1.0819],[103.916,1.0795],[103.9181,1.0842],[103.9092,1.0878],[103.9163,1.0885],[103.9113,1.0888],[103.9159,1.0916],[103.912,1.0979],[103.8915,1.0983],[103.8896,1.0938],[103.9084,1.0669],[103.9111,1.0378],[103.9165,1.0325],[103.919,1.0422],[103.9181,1.0318],[103.9336,1.0236],[103.9353,1.0158],[103.9395,1.0224],[103.9359,1.0193],[103.9431,1.0081],[103.9635,1.0052],[103.9929,1.0163],[104.0085,0.9952],[104.0089,0.9858],[104.0201,0.9888],[104.0341,0.9802],[104.0424,0.9861],[104.0275,1.0032],[104.0224,1.0282],[104.0622,0.9852],[104.0673,0.983],[104.0716,0.9989],[104.0842,0.9849],[104.1011,0.9824],[104.0824,1.0083],[104.0799,1.0234],[104.1006,1.0287],[104.0998,1.0413],[104.1045,1.0431],[104.1102,1.0328],[104.1174,1.0384],[104.1295,1.0319],[104.1367,1.0389],[104.1394,1.0733],[104.1344,1.0762],[104.1402,1.0803],[104.1357,1.0817],[104.1457,1.1123],[104.1507,1.1113],[104.1544,1.1363],[104.141,1.1493],[104.1462,1.1494],[104.149,1.1706],[104.1139,1.1964]],[[104.0401,1.0924],[104.0413,1.097],[104.0568,1.0758],[104.0631,1.0873],[104.0588,1.0785],[104.063,1.0754],[104.0677,1.0816],[104.0651,1.0735],[104.0705,1.08],[104.0743,1.0757],[104.0766,1.0899],[104.0772,1.0812],[104.0834,1.0815],[104.0833,1.0935],[104.0867,1.0896],[104.0898,1.0951],[104.0868,1.0766],[104.0769,1.075],[104.0802,1.0625],[104.0814,1.0708],[104.0964,1.0636],[104.0942,1.0692],[104.1024,1.07],[104.0956,1.0725],[104.0969,1.0787],[104.1019,1.0738],[104.1013,1.0895],[104.1038,1.0733],[104.1092,1.0735],[104.1041,1.0673],[104.1119,1.0677],[104.1034,1.0647],[104.1099,1.0557],[104.1063,1.0441],[104.0904,1.038],[104.0747,1.0419],[104.0871,1.0449],[104.0723,1.0447],[104.072,1.0507],[104.0725,1.0399],[104.0613,1.0313],[104.0569,1.044],[104.063,1.0436],[104.052,1.0609],[104.0633,1.0674],[104.0396,1.0661],[104.0518,1.0745],[104.0436,1.0792],[104.0389,1.0732],[104.0356,1.0803],[104.0326,1.076],[104.0401,1.0924]]]]}},{"type":"Feature","properties":{"slug":"kota-bekasi"},"geometry":{"type":"MultiPolygon","coordinates":[[[[106.9716,-6.1722],[106.9662,-6.2069],[106.9508,-6.2191],[106.9418,-6.2382],[106.9439,-6.2523],[106.9199,-6.2503],[106.9044,-6.2621],[106.9102,-6.2943],[106.9207,-6.3002],[106.9228,-6.3142],[106.9162,-6.3628],[106.9076,-6.3708],[106.9003,-6.3978],[106.921,-6.3969],[106.9218,-6.3889],[106.9455,-6.3685],[106.9439,-6.358],[106.954,-6.3495],[106.9503,-6.3442],[106.9618,-6.3358],[106.9602,-6.3125],[106.9667,-6.303],[106.9809,-6.3151],[106.9725,-6.3319],[106.9757,-6.3409],[106.9662,-6.3424],[106.9819,-6.3579],[106.9797,-6.3643],[106.994,-6.3671],[106.9943,-6.3553],[107.0046,-6.3554],[107.0068,-6.3626],[107.0172,-6.3536],[107.0164,-6.3304],[107.0289,-6.3304],[107.0411,-6.3094],[107.0375,-6.2837],[107.0166,-6.2762],[107.0178,-6.2628],[107.0415,-6.2462],[107.0425,-6.2328],[107.0304,-6.2267],[107.0325,-6.1984],[107.0059,-6.1959],[107.0107,-6.1724],[106.9716,-6.1722]]]]}},{"type":"Feature","properties":{"slug":"kota-bogor"},"geometry":{"type":"MultiPolygon","coordinates":[[[[106.7789,-6.5117],[106.7649,-6.521],[106.7646,-6.5459],[106.7564,-6.5518],[106.7408,-6.5428],[106.7354,-6.5653],[106.7423,-6.5683],[106.7411,-6.5754],[106.7498,-6.5723],[106.7631,-6.5831],[106.7903,-6.6278],[106.783,-6.645],[106.7716,-6.6537],[106.787,-6.6592],[106.7994,-6.6457],[106.8061,-6.6519],[106.8097,-6.6462],[106.8088,-6.6563],[106.8191,-6.6719],[106.8434,-6.6788],[106.8481,-6.6762],[106.8486,-6.6467],[106.8314,-6.6027],[106.8396,-6.5748],[106.8184,-6.5381],[106.8089,-6.5461],[106.8057,-6.5399],[106.7932,-6.546],[106.7888,-6.5182],[106.7789,-6.5117]]]]}},{"type":"Feature","properties":{"slug":"kota-gorontalo"},"geometry":{"type":"MultiPolygon","coordinates":[[[[123.0611,0.5891],[123.027,0.5637],[123.0306,0.5468],[123.0065,0.5548],[122.9949,0.5519],[122.9968,0.5424],[123.0119,0.5262],[123.039,0.5133],[123.0473,0.4905],[123.0665,0.5292],[123.0629,0.5054],[123.0869,0.4799],[123.0961,0.4855],[123.1002,0.5029],[123.0876,0.509],[123.0792,0.523],[123.091,0.5803],[123.0611,0.5891]]]]}},{"type":"Feature","properties":{"slug":"kota-gunungsitoli"},"geometry":{"type":"MultiPolygon","coordinates":[[[[97.6363,1.0942],[97.6321,1.0955],[97.6324,1.0816],[97.6553,1.0828],[97.649,1.094],[97.6363,1.0942]]],[[[97.6902,1.1785],[97.6805,1.1931],[97.6762,1.2193],[97.6521,1.2373],[97.6258,1.2858],[97.6106,1.2941],[97.6114,1.3074],[97.5992,1.3289],[97.5784,1.3461],[97.5587,1.3762],[97.5414,1.3882],[97.54,1.4199],[97.5213,1.4234],[97.4864,1.3867],[97.489,1.3781],[97.4781,1.3715],[97.4707,1.3467],[97.5102,1.2745],[97.5472,1.2844],[97.5799,1.2688],[97.5819,1.2605],[97.5653,1.2582],[97.569,1.233],[97.5603,1.2212],[97.5783,1.2151],[97.5761,1.2009],[97.5813,1.1943],[97.5871,1.1997],[97.6014,1.1956],[97.6156,1.1999],[97.621,1.195],[97.6263,1.1739],[97.606,1.1301],[97.5862,1.1204],[97.5932,1.1101],[97.6198,1.108],[97.6302,1.1166],[97.6328,1.1049],[97.646,1.1001],[97.6774,1.1116],[97.6851,1.1173],[97.6807,1.1218],[97.6684,1.1227],[97.6468,1.1124],[97.6436,1.1202],[97.6902,1.1785]]]]}},{"type":"Feature","properties":{"slug":"kota-jambi"},"geometry":{"type":"MultiPolygon","coordinates":[[[[103.6142,-1.547],[103.6008,-1.5475],[103.5662,-1.5738],[103.5548,-1.5658],[103.5463,-1.5693],[103.5454,-1.5876],[103.5369,-1.5891],[103.5489,-1.6095],[103.5394,-1.6452],[103.5286,-1.6502],[103.5267,-1.6766],[103.5588,-1.6797],[103.5682,-1.6653],[103.5761,-1.6637],[103.6212,-1.695],[103.6309,-1.6764],[103.608,-1.6596],[103.6139,-1.6565],[103.6267,-1.6644],[103.6309,-1.6533],[103.6522,-1.6566],[103.6602,-1.6498],[103.6586,-1.6441],[103.6701,-1.6405],[103.681,-1.6166],[103.6641,-1.6059],[103.6551,-1.6079],[103.6531,-1.5521],[103.6142,-1.547]]]]}},{"type":"Feature","properties":{"slug":"kota-kendari"},"geometry":{"type":"MultiPolygon","coordinates":[[[[122.6071,-3.9771],[122.5994,-3.9835],[122.6182,-3.9908],[122.6071,-3.9771]]],[[[122.4404,-4.0081],[122.4405,-4.0183],[122.4701,-4.0323],[122.4816,-4.0544],[122.4863,-4.0515],[122.5,-4.0713],[122.5142,-4.0681],[122.5069,-4.0832],[122.5269,-4.0913],[122.573,-4.069],[122.5756,-4.0826],[122.5892,-4.084],[122.6158,-4.0257],[122.6361,-4.0185],[122.6511,-4.0028],[122.6193,-4.0034],[122.6045,-3.9854],[122.5897,-3.9784],[122.5592,-3.9848],[122.553,-3.9929],[122.5359,-3.9894],[122.53,-3.97],[122.5362,-3.967],[122.585,-3.9744],[122.5888,-3.9707],[122.5992,-3.979],[122.6098,-3.9695],[122.6088,-3.9628],[122.6252,-3.9586],[122.6261,-3.9492],[122.5807,-3.9396],[122.5389,-3.9411],[122.5225,-3.9346],[122.5067,-3.9091],[122.4812,-3.9091],[122.4518,-3.9403],[122.4523,-3.9664],[122.4404,-4.0081]]]]}},{"type":"Feature","properties":{"slug":"kota-kupang"},"geometry":{"type":"MultiPolygon","coordinates":[[[[123.5283,-10.2099],[123.5459,-10.2144],[123.5569,-10.2275],[123.5741,-10.2171],[123.5785,-10.2243],[123.5708,-10.2465],[123.5804,-10.2617],[123.5855,-10.2888],[123.6111,-10.2932],[123.6252,-10.288],[123.6391,-10.2443],[123.6205,-10.2312],[123.6395,-10.2178],[123.6687,-10.2264],[123.6548,-10.2082],[123.6509,-10.1885],[123.6587,-10.1905],[123.6814,-10.1754],[123.6834,-10.1652],[123.6671,-10.1662],[123.6594,-10.1573],[123.6828,-10.1513],[123.6831,-10.1399],[123.6723,-10.1296],[123.65,-10.1459],[123.6248,-10.1403],[123.5822,-10.1571],[123.563,-10.1725],[123.5521,-10.1685],[123.5348,-10.174],[123.528,-10.1867],[123.5283,-10.2099]]]]}},{"type":"Feature","properties":{"slug":"kota-lhokseumawe"},"geometry":{"type":"MultiPolygon","coordinates":[[[[97.1773,5.1421],[97.1425,5.1556],[97.1335,5.175],[97.1396,5.1691],[97.1483,5.1738],[97.1506,5.1665],[97.1495,5.1908],[97.117,5.2166],[97.1086,5.2204],[97.1099,5.2103],[97.0963,5.2183],[97.1032,5.225],[97.0465,5.2413],[97.0369,5.2296],[97.0387,5.2162],[97.026,5.2088],[97.0311,5.2047],[97.028,5.1986],[97.0527,5.193],[97.0606,5.1649],[97.0805,5.1572],[97.1079,5.1256],[97.1016,5.1096],[97.1249,5.0993],[97.1301,5.0907],[97.1794,5.0837],[97.1741,5.1038],[97.1773,5.1421]]]]}},{"type":"Feature","properties":{"slug":"kota-makassar"},"geometry":{"type":"MultiPolygon","coordinates":[[[[119.4031,-5.0868],[119.3976,-5.0958],[119.4042,-5.1016],[119.4031,-5.0868]]],[[[119.4048,-5.0751],[119.4096,-5.0691],[119.4046,-5.0659],[119.4048,-5.0751]]],[[[119.5192,-5.1656],[119.502,-5.162],[119.4932,-5.1507],[119.5023,-5.1465],[119.518,-5.1505],[119.5283,-5.1324],[119.5361,-5.1308],[119.5428,-5.1115],[119.5374,-5.0937],[119.5414,-5.0834],[119.5277,-5.064],[119.5161,-5.0623],[119.5137,-5.068],[119.5018,-5.0695],[119.478,-5.059],[119.4613,-5.0834],[119.4467,-5.0855],[119.4515,-5.1025],[119.4093,-5.1132],[119.4017,-5.133],[119.408,-5.1449],[119.3998,-5.1582],[119.4037,-5.1444],[119.3886,-5.1594],[119.3803,-5.2053],[119.4013,-5.2333],[119.4111,-5.2077],[119.3907,-5.197],[119.3965,-5.1865],[119.408,-5.1827],[119.4195,-5.1946],[119.4411,-5.1883],[119.4611,-5.1946],[119.4636,-5.1771],[119.4866,-5.1909],[119.513,-5.1949],[119.5164,-5.1825],[119.5117,-5.1766],[119.5192,-5.1656]]],[[[119.3313,-5.0499],[119.3291,-5.0416],[119.3221,-5.043],[119.3258,-5.0548],[119.3313,-5.0499]]],[[[119.2766,-5.0321],[119.277,-5.0418],[119.2808,-5.0369],[119.2766,-5.0321]]],[[[119.3246,-5.0057],[119.3259,-5.0215],[119.3296,-5.0172],[119.3246,-5.0057]]]]}},{"type":"Feature","properties":{"slug":"kota-malang"},"geometry":{"type":"MultiPolygon","coordinates":[[[[112.6315,-7.9124],[112.6097,-7.9239],[112.5918,-7.9173],[112.6001,-7.9264],[112.5986,-7.9367],[112.5691,-7.9388],[112.5926,-7.948],[112.5898,-7.9544],[112.5993,-7.9567],[112.6027,-7.9682],[112.5894,-7.9752],[112.598,-7.9846],[112.5819,-7.9801],[112.5782,-7.9848],[112.591,-7.9859],[112.5891,-7.9924],[112.5981,-7.9961],[112.6014,-7.9924],[112.597,-8.0062],[112.6081,-8.0191],[112.6185,-8.0113],[112.6135,-8.0213],[112.6309,-8.035],[112.6317,-8.0459],[112.6564,-8.0502],[112.6754,-8.0277],[112.672,-8.0089],[112.6843,-8.005],[112.6948,-7.9827],[112.6897,-7.9755],[112.6785,-7.9767],[112.6572,-7.965],[112.6686,-7.9461],[112.6628,-7.927],[112.6459,-7.9138],[112.6398,-7.9209],[112.6315,-7.9124]]]]}},{"type":"Feature","properties":{"slug":"kota-manado"},"geometry":{"type":"MultiPolygon","coordinates":[[[[124.8916,1.4584],[124.8941,1.4847],[124.9045,1.4958],[124.9332,1.5076],[124.9228,1.5283],[124.9282,1.5642],[124.9226,1.5597],[124.9026,1.5754],[124.8964,1.5689],[124.8869,1.5743],[124.877,1.5714],[124.878,1.5753],[124.8585,1.5635],[124.8545,1.5712],[124.8437,1.5645],[124.8206,1.5825],[124.8083,1.5791],[124.8032,1.5637],[124.8432,1.5241],[124.8417,1.496],[124.83,1.4857],[124.8336,1.475],[124.8267,1.4631],[124.8157,1.4584],[124.7843,1.4612],[124.7845,1.447],[124.8256,1.4294],[124.8509,1.4401],[124.8615,1.4368],[124.8727,1.4657],[124.8833,1.4621],[124.8853,1.454],[124.8916,1.4584]]],[[[124.7442,1.6335],[124.7363,1.6173],[124.7636,1.6205],[124.7724,1.6011],[124.7814,1.5953],[124.7752,1.6277],[124.7442,1.6335]]],[[[124.7025,1.6488],[124.6841,1.642],[124.6833,1.6216],[124.6975,1.6166],[124.716,1.628],[124.7152,1.641],[124.7025,1.6488]]]]}},{"type":"Feature","properties":{"slug":"kota-mataram"},"geometry":{"type":"MultiPolygon","coordinates":[[[[116.074,-8.6253],[116.1013,-8.6252],[116.1111,-8.6167],[116.1115,-8.6218],[116.131,-8.6189],[116.1361,-8.612],[116.1507,-8.6122],[116.171,-8.5933],[116.1478,-8.5825],[116.1503,-8.5715],[116.1427,-8.5656],[116.1235,-8.5645],[116.1068,-8.5548],[116.0849,-8.56],[116.0694,-8.551],[116.074,-8.6253]]]]}},{"type":"Feature","properties":{"slug":"kota-medan"},"geometry":{"type":"MultiPolygon","coordinates":[[[[98.707,3.772],[98.7183,3.7966],[98.6814,3.7885],[98.6741,3.7732],[98.6802,3.7674],[98.6537,3.7819],[98.6445,3.7745],[98.6321,3.7751],[98.6357,3.7678],[98.6275,3.7672],[98.6253,3.7596],[98.6361,3.7432],[98.6534,3.7378],[98.6505,3.7291],[98.6446,3.7309],[98.644,3.7196],[98.6262,3.713],[98.6248,3.6997],[98.6318,3.6996],[98.6333,3.6837],[98.6486,3.6834],[98.6516,3.6746],[98.6578,3.675],[98.6576,3.6441],[98.6665,3.6353],[98.6643,3.624],[98.6526,3.6152],[98.613,3.6121],[98.6131,3.6182],[98.6054,3.6131],[98.5993,3.6203],[98.6068,3.6104],[98.6039,3.5948],[98.6082,3.593],[98.6021,3.5872],[98.6113,3.5835],[98.6073,3.5675],[98.612,3.5628],[98.6066,3.5589],[98.6116,3.5537],[98.5931,3.5403],[98.6026,3.5342],[98.5974,3.5281],[98.6018,3.5127],[98.5925,3.4979],[98.6001,3.4909],[98.6172,3.4983],[98.6257,3.5188],[98.6357,3.4893],[98.6446,3.4881],[98.6475,3.4982],[98.655,3.4962],[98.659,3.5046],[98.6576,3.5225],[98.6623,3.5224],[98.6557,3.5196],[98.6617,3.5149],[98.6771,3.5146],[98.6784,3.5193],[98.6982,3.5184],[98.6983,3.5315],[98.7448,3.5281],[98.7464,3.5378],[98.7264,3.5383],[98.7201,3.5516],[98.7268,3.5511],[98.7271,3.5681],[98.7383,3.5802],[98.7308,3.584],[98.7408,3.5882],[98.7415,3.599],[98.7066,3.6024],[98.7099,3.6266],[98.6934,3.6268],[98.6927,3.6431],[98.7017,3.6451],[98.703,3.6626],[98.6897,3.6565],[98.6922,3.6645],[98.6804,3.6725],[98.6685,3.6718],[98.6803,3.6787],[98.6966,3.6779],[98.6947,3.6724],[98.7033,3.672],[98.7033,3.667],[98.7129,3.6788],[98.7047,3.7151],[98.7152,3.7255],[98.731,3.7204],[98.727,3.7332],[98.7045,3.7409],[98.707,3.772]]]]}},{"type":"Feature","properties":{"slug":"kota-palembang"},"geometry":{"type":"MultiPolygon","coordinates":[[[[104.6449,-3.0254],[104.6641,-3.0417],[104.7179,-3.0696],[104.7194,-3.0945],[104.7267,-3.0884],[104.7285,-3.0741],[104.7441,-3.0639],[104.7437,-3.048],[104.7507,-3.0394],[104.7705,-3.038],[104.7743,-3.0324],[104.7816,-3.0407],[104.7807,-3.0521],[104.7903,-3.0521],[104.7974,-3.0348],[104.8099,-3.039],[104.8122,-3.0279],[104.8362,-3.0138],[104.8389,-3.0064],[104.8242,-3.0107],[104.832,-3.0044],[104.8339,-2.9879],[104.8554,-2.9795],[104.8646,-2.952],[104.8601,-2.947],[104.8474,-2.9561],[104.8514,-2.9249],[104.8147,-2.9443],[104.7952,-2.9219],[104.8039,-2.9219],[104.8111,-2.9094],[104.7904,-2.904],[104.7834,-2.916],[104.7565,-2.9153],[104.7564,-2.9039],[104.7492,-2.8936],[104.7377,-2.8927],[104.7301,-2.8778],[104.71,-2.8731],[104.7042,-2.8647],[104.6749,-2.8654],[104.6668,-2.8834],[104.6791,-2.9064],[104.6768,-2.9355],[104.6477,-2.9223],[104.6337,-2.9363],[104.6236,-2.975],[104.6258,-3.0006],[104.6449,-3.0254]]]]}},{"type":"Feature","properties":{"slug":"kota-palu"},"geometry":{"type":"MultiPolygon","coordinates":[[[[119.7814,-0.8976],[119.796,-0.8713],[119.8117,-0.8678],[119.8223,-0.8741],[119.8272,-0.9046],[119.8325,-0.9048],[119.8278,-0.9111],[119.8307,-0.9418],[119.8621,-0.9331],[119.8622,-0.9253],[119.8759,-0.9225],[119.8815,-0.9323],[119.905,-0.9429],[119.9333,-0.9444],[119.9372,-0.9409],[119.9293,-0.9208],[119.948,-0.9131],[119.9765,-0.9132],[120.0182,-0.8957],[120.0229,-0.8799],[120.0313,-0.8806],[120.0389,-0.8684],[120.0342,-0.8333],[120.0149,-0.7945],[119.9925,-0.7952],[119.9741,-0.8083],[119.9545,-0.7975],[119.9196,-0.7942],[119.9127,-0.7738],[119.8866,-0.7782],[119.8855,-0.7715],[119.8741,-0.7691],[119.8953,-0.7512],[119.8781,-0.7392],[119.8828,-0.7286],[119.8779,-0.7277],[119.8934,-0.729],[119.9064,-0.7192],[119.9414,-0.715],[119.9605,-0.6981],[119.96,-0.6873],[119.9516,-0.6905],[119.9548,-0.6807],[119.919,-0.6987],[119.8719,-0.6951],[119.8747,-0.6818],[119.9199,-0.6505],[119.9283,-0.6354],[119.8986,-0.6358],[119.875,-0.6481],[119.8698,-0.658],[119.8599,-0.6586],[119.8437,-0.6968],[119.8627,-0.7136],[119.8547,-0.7353],[119.8622,-0.7556],[119.8592,-0.7777],[119.8784,-0.8012],[119.8842,-0.8215],[119.881,-0.8603],[119.8712,-0.8831],[119.8388,-0.8791],[119.816,-0.8382],[119.8082,-0.8014],[119.7966,-0.8173],[119.7782,-0.8215],[119.7596,-0.835],[119.773,-0.8643],[119.7671,-0.8715],[119.7684,-0.8932],[119.7814,-0.8976]]]]}},{"type":"Feature","properties":{"slug":"kota-pariaman"},"geometry":{"type":"MultiPolygon","coordinates":[[[[100.1593,-0.6757],[100.1535,-0.6654],[100.1648,-0.6498],[100.1728,-0.6521],[100.1686,-0.6443],[100.1769,-0.631],[100.1742,-0.6179],[100.1821,-0.6157],[100.1801,-0.6084],[100.1467,-0.5884],[100.1496,-0.5707],[100.1312,-0.5714],[100.1359,-0.5604],[100.1305,-0.5486],[100.1051,-0.562],[100.0927,-0.5616],[100.1167,-0.6298],[100.1593,-0.6757]]]]}},{"type":"Feature","properties":{"slug":"kota-pekanbaru"},"geometry":{"type":"MultiPolygon","coordinates":[[[[101.5741,0.4541],[101.5704,0.4707],[101.5886,0.4741],[101.5799,0.4967],[101.5926,0.5337],[101.5758,0.5506],[101.586,0.5776],[101.5785,0.5971],[101.5881,0.5968],[101.5914,0.6066],[101.5756,0.6177],[101.5714,0.6387],[101.5498,0.6384],[101.5403,0.658],[101.4982,0.6595],[101.4891,0.6513],[101.4845,0.6597],[101.4407,0.666],[101.4178,0.6849],[101.3973,0.6924],[101.3863,0.6865],[101.3753,0.6448],[101.3335,0.6133],[101.3279,0.606],[101.3321,0.6007],[101.3261,0.5986],[101.3541,0.5665],[101.3588,0.5693],[101.3689,0.5594],[101.3683,0.5655],[101.3726,0.5638],[101.3748,0.5542],[101.3629,0.5361],[101.363,0.4989],[101.3561,0.5006],[101.3497,0.4906],[101.3629,0.432],[101.3917,0.4365],[101.4322,0.4211],[101.4312,0.4277],[101.4474,0.417],[101.4536,0.4427],[101.4632,0.4401],[101.477,0.456],[101.5671,0.4252],[101.5668,0.4474],[101.5741,0.4541]]]]}},{"type":"Feature","properties":{"slug":"kota-pontianak"},"geometry":{"type":"MultiPolygon","coordinates":[[[[109.3836,-0.0265],[109.3643,-0.0209],[109.3455,-0.0237],[109.3732,-0.0616],[109.3841,-0.0522],[109.371,-0.0361],[109.3836,-0.0265]]],[[[109.3661,-0.0606],[109.3418,-0.0225],[109.314,-0.0026],[109.2871,0.0016],[109.2854,-0.0169],[109.2721,-0.0274],[109.3109,-0.0696],[109.307,-0.0771],[109.3139,-0.082],[109.3172,-0.0752],[109.3437,-0.0974],[109.3661,-0.0606]]],[[[109.3708,0.0211],[109.3093,0.0381],[109.3057,0.0288],[109.2975,0.0298],[109.29,0.0085],[109.3214,-0.0002],[109.3452,-0.0212],[109.3766,-0.0215],[109.3708,0.0211]]]]}},{"type":"Feature","properties":{"slug":"kota-semarang"},"geometry":{"type":"MultiPolygon","coordinates":[[[[110.4632,-6.9315],[110.443,-6.9383],[110.4414,-6.9462],[110.4382,-6.9421],[110.4342,-6.9469],[110.4364,-6.9515],[110.4236,-6.9368],[110.4272,-6.9506],[110.4196,-6.9493],[110.4242,-6.9558],[110.4182,-6.9431],[110.4073,-6.9495],[110.3949,-6.945],[110.3866,-6.9517],[110.3863,-6.9464],[110.3754,-6.9519],[110.3831,-6.9546],[110.3698,-6.955],[110.3518,-6.9538],[110.3111,-6.937],[110.2994,-6.9409],[110.2917,-6.9502],[110.2997,-6.9599],[110.2957,-6.9684],[110.2859,-6.969],[110.2934,-6.9819],[110.2819,-6.9874],[110.2876,-6.9971],[110.2803,-7.0045],[110.2858,-7.01],[110.2736,-7.0144],[110.2695,-7.048],[110.2943,-7.0537],[110.3051,-7.1014],[110.3173,-7.1068],[110.3322,-7.0991],[110.3371,-7.1043],[110.3462,-7.0853],[110.3561,-7.1066],[110.37,-7.1087],[110.3764,-7.0944],[110.3774,-7.1105],[110.3972,-7.1146],[110.4026,-7.1096],[110.4029,-7.1138],[110.4213,-7.1047],[110.4292,-7.0918],[110.4519,-7.0901],[110.4543,-7.0788],[110.4776,-7.0854],[110.5009,-7.067],[110.4867,-7.0501],[110.4807,-7.0539],[110.486,-7.0522],[110.4812,-7.0442],[110.4874,-7.029],[110.4954,-7.0298],[110.5037,-7.0149],[110.4904,-7.0043],[110.5016,-6.9929],[110.5028,-6.9589],[110.501,-6.9526],[110.4906,-6.9552],[110.4922,-6.9475],[110.4734,-6.9421],[110.4632,-6.9315]]]]}},{"type":"Feature","properties":{"slug":"kota-surabaya"},"geometry":{"type":"MultiPolygon","coordinates":[[[[112.6563,-7.3568],[112.7047,-7.3362],[112.7272,-7.3484],[112.7535,-7.3422],[112.7554,-7.3367],[112.7837,-7.3455],[112.8266,-7.3433],[112.8458,-7.3098],[112.8428,-7.2759],[112.8334,-7.2592],[112.8161,-7.2517],[112.8065,-7.2557],[112.7803,-7.2088],[112.7648,-7.1963],[112.7236,-7.198],[112.7329,-7.2034],[112.7286,-7.2091],[112.7245,-7.2033],[112.7257,-7.2098],[112.7174,-7.1991],[112.7217,-7.2102],[112.713,-7.2074],[112.7157,-7.2136],[112.7087,-7.2233],[112.686,-7.2255],[112.671,-7.2224],[112.6629,-7.21],[112.6767,-7.1963],[112.6814,-7.1984],[112.6781,-7.1904],[112.6627,-7.2097],[112.661,-7.1933],[112.6134,-7.209],[112.5927,-7.2023],[112.5984,-7.2125],[112.5947,-7.2147],[112.6007,-7.2168],[112.5973,-7.222],[112.5933,-7.2155],[112.5915,-7.2228],[112.6065,-7.2404],[112.602,-7.2465],[112.6146,-7.2482],[112.6172,-7.2576],[112.6323,-7.2617],[112.6262,-7.3001],[112.6294,-7.3116],[112.6495,-7.3146],[112.6485,-7.3353],[112.6558,-7.3426],[112.6563,-7.3568]]]]}},{"type":"Feature","properties":{"slug":"kota-surakarta"},"geometry":{"type":"MultiPolygon","coordinates":[[[[110.8007,-7.5339],[110.7963,-7.5491],[110.771,-7.5453],[110.7691,-7.5514],[110.7841,-7.5642],[110.7824,-7.5758],[110.8018,-7.5715],[110.8188,-7.5947],[110.84,-7.5903],[110.8469,-7.5729],[110.8543,-7.5748],[110.8672,-7.5568],[110.8683,-7.5463],[110.8611,-7.5471],[110.8627,-7.5414],[110.8565,-7.5417],[110.855,-7.535],[110.8174,-7.5289],[110.8157,-7.5232],[110.8082,-7.5345],[110.8007,-7.5339]]]]}},{"type":"Feature","properties":{"slug":"kota-ternate"},"geometry":{"type":"MultiPolygon","coordinates":[[[[127.4056,0.481],[127.3858,0.4709],[127.3825,0.4501],[127.399,0.4331],[127.4205,0.4328],[127.4394,0.4517],[127.4186,0.4792],[127.4056,0.481]]],[[[127.3278,0.867],[127.3185,0.8639],[127.3181,0.8529],[127.3021,0.841],[127.2938,0.8179],[127.294,0.791],[127.3146,0.7559],[127.3381,0.7532],[127.3704,0.7601],[127.3912,0.7894],[127.3864,0.8007],[127.3886,0.8289],[127.3411,0.8636],[127.3278,0.867]]],[[[127.3153,0.9132],[127.3028,0.8976],[127.3182,0.8813],[127.3313,0.8962],[127.3153,0.9132]]],[[[126.1354,0.9814],[126.1271,0.9787],[126.1418,0.9623],[126.162,0.9578],[126.1465,0.9641],[126.1448,0.9716],[126.1542,0.969],[126.1546,0.9771],[126.1354,0.9814]]],[[[126.3855,1.3481],[126.381,1.3531],[126.3676,1.3452],[126.3568,1.3219],[126.3766,1.312],[126.3945,1.2801],[126.399,1.3166],[126.4165,1.3327],[126.3855,1.3481]]]]}},{"type":"Feature","properties":{"slug":"kota-yogyakarta"},"geometry":{"type":"MultiPolygon","coordinates":[[[[110.3971,-7.7883],[110.3905,-7.7804],[110.3521,-7.7664],[110.3446,-7.8073],[110.352,-7.8148],[110.3515,-7.8254],[110.3752,-7.8244],[110.375,-7.8308],[110.3858,-7.8304],[110.388,-7.84],[110.3954,-7.8367],[110.3934,-7.8263],[110.4035,-7.8331],[110.3971,-7.7883]]]]}},{"type":"Feature","properties":{"slug":"lombok-timur"},"geometry":{"type":"MultiPolygon","coordinates":[[[[116.7189,-8.3104],[116.7072,-8.3142],[116.7097,-8.3252],[116.7435,-8.3454],[116.7422,-8.3347],[116.7189,-8.3104]]],[[[116.6967,-8.2847],[116.69,-8.2806],[116.6859,-8.2914],[116.7052,-8.3095],[116.7118,-8.2996],[116.6967,-8.2847]]],[[[116.4016,-8.8566],[116.4041,-8.8655],[116.4095,-8.8444],[116.4258,-8.8255],[116.4407,-8.8422],[116.4454,-8.8289],[116.4522,-8.8321],[116.4646,-8.8213],[116.4702,-8.8236],[116.4671,-8.8319],[116.4739,-8.8391],[116.459,-8.8512],[116.4607,-8.8634],[116.4483,-8.8991],[116.4311,-8.9132],[116.4357,-8.9197],[116.4494,-8.9217],[116.4725,-8.9213],[116.497,-8.9111],[116.5084,-8.8858],[116.5006,-8.8962],[116.501,-8.8857],[116.5093,-8.8866],[116.5107,-8.8704],[116.5233,-8.8868],[116.516,-8.8973],[116.5278,-8.8989],[116.5217,-8.9082],[116.5085,-8.9121],[116.512,-8.9158],[116.5418,-8.8987],[116.5707,-8.8918],[116.5753,-8.8716],[116.5941,-8.8626],[116.5809,-8.8572],[116.5664,-8.868],[116.5611,-8.8638],[116.5661,-8.8537],[116.5511,-8.8597],[116.5487,-8.8503],[116.5417,-8.8583],[116.5486,-8.8656],[116.5418,-8.8685],[116.5424,-8.8631],[116.5333,-8.8593],[116.5421,-8.8522],[116.5317,-8.8475],[116.5452,-8.8465],[116.5374,-8.8412],[116.5414,-8.8328],[116.5244,-8.8255],[116.5228,-8.8299],[116.5307,-8.8328],[116.5198,-8.8315],[116.5309,-8.8365],[116.5292,-8.8403],[116.5172,-8.8387],[116.5145,-8.8318],[116.5183,-8.8431],[116.5044,-8.8415],[116.5103,-8.8559],[116.5044,-8.8592],[116.4926,-8.848],[116.498,-8.8423],[116.4943,-8.8371],[116.501,-8.8112],[116.4841,-8.8158],[116.4804,-8.8087],[116.4985,-8.8083],[116.5096,-8.78],[116.5201,-8.7774],[116.5454,-8.7529],[116.5526,-8.7404],[116.5532,-8.7197],[116.5749,-8.7005],[116.5854,-8.6702],[116.6207,-8.6269],[116.6234,-8.6047],[116.6649,-8.5625],[116.6577,-8.5324],[116.6785,-8.497],[116.676,-8.4838],[116.6686,-8.4835],[116.6759,-8.4936],[116.6714,-8.5037],[116.6616,-8.4874],[116.7115,-8.443],[116.7105,-8.415],[116.7249,-8.3828],[116.7183,-8.3474],[116.689,-8.3333],[116.6949,-8.3345],[116.6516,-8.2888],[116.5999,-8.2813],[116.5322,-8.2542],[116.506,-8.2555],[116.494,-8.2455],[116.4716,-8.2691],[116.4674,-8.3306],[116.4196,-8.3904],[116.4307,-8.4031],[116.4208,-8.4047],[116.4194,-8.419],[116.4268,-8.4232],[116.4063,-8.4345],[116.4064,-8.4615],[116.3855,-8.4894],[116.3797,-8.5281],[116.3766,-8.6356],[116.385,-8.6462],[116.3818,-8.6683],[116.3949,-8.6842],[116.4033,-8.6775],[116.4287,-8.6911],[116.4359,-8.7161],[116.4464,-8.7229],[116.4458,-8.7459],[116.4283,-8.7559],[116.4252,-8.7729],[116.4175,-8.7764],[116.4144,-8.8067],[116.3901,-8.8215],[116.4016,-8.8566]]]]}},{"type":"Feature","properties":{"slug":"majene"},"geometry":{"type":"MultiPolygon","coordinates":[[[[119.0272,-2.9637],[119.0075,-2.955],[118.9942,-2.9275],[118.9769,-2.923],[118.9565,-2.9275],[118.9435,-2.9153],[118.8937,-2.9328],[118.876,-2.9231],[118.8694,-2.9569],[118.8484,-2.9898],[118.8477,-3.0075],[118.8606,-3.0217],[118.8607,-3.0318],[118.8396,-3.0814],[118.8245,-3.089],[118.8073,-3.0822],[118.7976,-3.0706],[118.7944,-3.0836],[118.783,-3.0784],[118.7774,-3.085],[118.7804,-3.1212],[118.789,-3.135],[118.8267,-3.1651],[118.8397,-3.2084],[118.8286,-3.2322],[118.8401,-3.2507],[118.8467,-3.2827],[118.8575,-3.2964],[118.8568,-3.3071],[118.8451,-3.3154],[118.8418,-3.3277],[118.8431,-3.3396],[118.8515,-3.3436],[118.8453,-3.3773],[118.8783,-3.4408],[118.8786,-3.4755],[118.8851,-3.4846],[118.8946,-3.4859],[118.895,-3.5036],[118.9369,-3.5699],[118.9448,-3.5663],[118.9475,-3.5517],[118.9656,-3.5448],[118.9781,-3.5493],[118.985,-3.5605],[119.0005,-3.5633],[118.9951,-3.5533],[119.0057,-3.533],[118.9848,-3.4973],[118.9732,-3.4997],[118.9659,-3.4939],[118.9501,-3.4517],[118.9158,-3.4091],[118.9192,-3.3715],[118.9051,-3.3275],[118.9212,-3.2974],[118.9091,-3.2435],[118.9132,-3.2221],[118.8979,-3.1933],[118.9109,-3.1695],[118.9535,-3.1587],[118.9541,-3.1408],[118.9491,-3.1361],[118.9533,-3.1265],[118.9461,-3.1059],[118.9588,-3.0864],[118.9839,-3.0925],[119.0434,-3.0863],[119.0648,-3.1049],[119.0689,-3.1008],[119.0595,-3.0497],[119.0755,-3.0394],[119.0833,-3.0281],[119.0823,-3.0128],[119.0968,-3.0036],[119.0695,-2.9939],[119.0676,-2.9869],[119.0272,-2.9637]]]]}},{"type":"Feature","properties":{"slug":"pacitan"},"geometry":{"type":"MultiPolygon","coordinates":[[[[111.2733,-7.9374],[111.2673,-7.945],[111.2464,-7.9488],[111.2165,-7.926],[111.2116,-7.9367],[111.198,-7.9399],[111.192,-7.9391],[111.1832,-7.9188],[111.1527,-7.9243],[111.1439,-7.9333],[111.147,-7.9663],[111.1234,-7.9725],[111.1363,-8.0183],[111.1263,-8.0375],[111.1262,-8.0647],[111.1132,-8.0567],[111.093,-8.0652],[111.0887,-8.0599],[111.093,-8.0309],[111.077,-8.0247],[111.0673,-8.0355],[111.0717,-8.064],[111.0356,-8.0807],[111.0155,-8.0758],[110.9938,-8.0824],[110.9527,-8.0627],[110.9212,-8.118],[110.9084,-8.1252],[110.8987,-8.1793],[110.9087,-8.211],[110.9405,-8.2275],[110.9556,-8.2263],[110.9732,-8.2403],[110.9825,-8.2359],[110.9794,-8.2401],[110.9991,-8.2549],[111.0148,-8.2482],[111.028,-8.257],[111.0433,-8.2489],[111.063,-8.2523],[111.0765,-8.2459],[111.0746,-8.2238],[111.0908,-8.2205],[111.1053,-8.233],[111.0935,-8.2474],[111.1369,-8.2624],[111.1322,-8.2732],[111.1436,-8.2813],[111.1527,-8.2783],[111.1535,-8.285],[111.1581,-8.2775],[111.1715,-8.2809],[111.1768,-8.2731],[111.1949,-8.2781],[111.2009,-8.2656],[111.2114,-8.267],[111.2175,-8.2611],[111.2242,-8.2687],[111.2314,-8.2574],[111.2548,-8.2541],[111.2611,-8.2476],[111.2796,-8.2555],[111.2779,-8.2667],[111.2842,-8.2732],[111.292,-8.2741],[111.2949,-8.2662],[111.287,-8.2657],[111.288,-8.2601],[111.2957,-8.2636],[111.3011,-8.2572],[111.3255,-8.2734],[111.337,-8.262],[111.3577,-8.2704],[111.3672,-8.2608],[111.3752,-8.2654],[111.3773,-8.2765],[111.3986,-8.2777],[111.4064,-8.2584],[111.391,-8.2337],[111.4089,-8.2127],[111.4024,-8.1906],[111.4226,-8.1888],[111.4248,-8.1703],[111.4051,-8.1725],[111.3932,-8.1595],[111.3803,-8.1632],[111.376,-8.1553],[111.3805,-8.1536],[111.3799,-8.1365],[111.3615,-8.1189],[111.3472,-8.1142],[111.3477,-8.1072],[111.36,-8.1065],[111.352,-8.0927],[111.3548,-8.0773],[111.3463,-8.0662],[111.3671,-8.033],[111.3492,-8.021],[111.3561,-8.0003],[111.3537,-7.9807],[111.327,-7.9678],[111.3225,-7.9449],[111.3143,-7.9352],[111.2988,-7.941],[111.2733,-7.9374]]]]}},{"type":"Feature","properties":{"slug":"padang"},"geometry":{"type":"MultiPolygon","coordinates":[[[[100.3559,-1.1229],[100.3501,-1.1238],[100.3496,-1.1326],[100.3559,-1.1229]]],[[[100.4561,-0.729],[100.4002,-0.7487],[100.3468,-0.7863],[100.3374,-0.8011],[100.2907,-0.808],[100.2926,-0.8205],[100.3258,-0.8517],[100.3422,-0.884],[100.353,-0.9576],[100.3469,-0.966],[100.3587,-0.9763],[100.3571,-0.9893],[100.3655,-0.9962],[100.365,-1.0057],[100.3824,-0.9931],[100.3904,-1.0086],[100.378,-1.0406],[100.3854,-1.0432],[100.3981,-1.0288],[100.4119,-1.0409],[100.4059,-1.0518],[100.4138,-1.0589],[100.409,-1.0738],[100.3969,-1.065],[100.3883,-1.0763],[100.381,-1.0624],[100.3635,-1.0754],[100.3708,-1.1015],[100.3878,-1.1233],[100.3819,-1.1283],[100.3739,-1.1189],[100.3729,-1.1237],[100.3624,-1.1238],[100.3625,-1.1438],[100.4207,-1.1085],[100.4207,-1.0999],[100.4118,-1.0918],[100.426,-1.076],[100.4299,-1.0591],[100.4639,-1.0297],[100.4791,-1.0034],[100.4927,-1.0044],[100.5198,-0.9908],[100.5377,-0.9452],[100.5637,-0.9081],[100.5639,-0.8934],[100.5451,-0.8554],[100.5375,-0.8556],[100.5313,-0.8445],[100.5427,-0.8359],[100.5382,-0.836],[100.5448,-0.8149],[100.5414,-0.8091],[100.5045,-0.7863],[100.5025,-0.7568],[100.4791,-0.7525],[100.4777,-0.7344],[100.4561,-0.729]]]]}},{"type":"Feature","properties":{"slug":"pangandaran"},"geometry":{"type":"MultiPolygon","coordinates":[[[[108.4295,-7.5005],[108.4173,-7.4882],[108.4104,-7.4981],[108.4006,-7.4782],[108.3736,-7.4786],[108.3331,-7.5135],[108.3365,-7.5283],[108.3275,-7.5508],[108.3341,-7.5489],[108.3536,-7.5622],[108.3612,-7.6004],[108.3534,-7.6387],[108.3662,-7.6586],[108.3542,-7.6722],[108.3548,-7.6837],[108.3403,-7.6797],[108.3319,-7.6853],[108.3364,-7.6913],[108.3237,-7.683],[108.3245,-7.6931],[108.3143,-7.6904],[108.3238,-7.7128],[108.3319,-7.7126],[108.3237,-7.7201],[108.3155,-7.7124],[108.312,-7.7187],[108.3217,-7.723],[108.3127,-7.7244],[108.3166,-7.7422],[108.3236,-7.7467],[108.325,-7.7786],[108.3178,-7.7863],[108.343,-7.8197],[108.3754,-7.8136],[108.4406,-7.8208],[108.4956,-7.7945],[108.5078,-7.7625],[108.5044,-7.7496],[108.4976,-7.747],[108.5034,-7.7283],[108.5004,-7.7233],[108.4986,-7.7281],[108.4978,-7.719],[108.5152,-7.6995],[108.5401,-7.691],[108.5959,-7.6822],[108.6414,-7.6879],[108.6558,-7.6998],[108.6481,-7.7105],[108.6509,-7.719],[108.6698,-7.731],[108.678,-7.7215],[108.6591,-7.6991],[108.6725,-7.6841],[108.6877,-7.678],[108.723,-7.6795],[108.7624,-7.6965],[108.7758,-7.6891],[108.7767,-7.6995],[108.7969,-7.6878],[108.7995,-7.6679],[108.7864,-7.6681],[108.7853,-7.6589],[108.768,-7.653],[108.75,-7.6345],[108.7417,-7.6137],[108.7322,-7.6137],[108.741,-7.5925],[108.7506,-7.5919],[108.7485,-7.5673],[108.7547,-7.5592],[108.716,-7.4663],[108.7042,-7.4767],[108.6967,-7.4611],[108.6681,-7.4599],[108.6471,-7.4688],[108.6579,-7.4982],[108.6482,-7.5379],[108.6223,-7.5501],[108.6226,-7.555],[108.6069,-7.5539],[108.5773,-7.5666],[108.5495,-7.5569],[108.5447,-7.5698],[108.5288,-7.5711],[108.5192,-7.5548],[108.5251,-7.5529],[108.5209,-7.5443],[108.5282,-7.5376],[108.5423,-7.5379],[108.5276,-7.5269],[108.4851,-7.5361],[108.4762,-7.5315],[108.4724,-7.5182],[108.4295,-7.5005]]]]}},{"type":"Feature","properties":{"slug":"sikka"},"geometry":{"type":"MultiPolygon","coordinates":[[[[122.4523,-8.4592],[122.4227,-8.4668],[122.4229,-8.472],[122.4383,-8.4792],[122.4389,-8.4724],[122.4552,-8.4762],[122.4568,-8.4692],[122.4485,-8.4649],[122.4523,-8.4592]]],[[[122.4431,-8.4559],[122.4491,-8.452],[122.4437,-8.4506],[122.4431,-8.4559]]],[[[122.3725,-8.4283],[122.3454,-8.4284],[122.3342,-8.4355],[122.3346,-8.464],[122.3549,-8.4882],[122.389,-8.4978],[122.4059,-8.478],[122.4151,-8.4769],[122.4137,-8.4582],[122.4227,-8.4493],[122.4153,-8.4357],[122.4078,-8.4479],[122.3932,-8.4346],[122.3725,-8.4283]]],[[[122.5121,-8.4132],[122.498,-8.4213],[122.5015,-8.4354],[122.5192,-8.4312],[122.5188,-8.4185],[122.5121,-8.4132]]],[[[121.9972,-8.8059],[122.0168,-8.7953],[122.0311,-8.7952],[122.0525,-8.7681],[122.075,-8.7594],[122.084,-8.7414],[122.1152,-8.7297],[122.1751,-8.7298],[122.196,-8.75],[122.2376,-8.7421],[122.2802,-8.7547],[122.3123,-8.7407],[122.3464,-8.7408],[122.3762,-8.7525],[122.3828,-8.7447],[122.4212,-8.7445],[122.4342,-8.7334],[122.4667,-8.7334],[122.4771,-8.7226],[122.4989,-8.722],[122.5397,-8.7013],[122.5572,-8.6663],[122.5869,-8.6624],[122.6043,-8.6491],[122.6182,-8.6555],[122.6297,-8.64],[122.6542,-8.6371],[122.6484,-8.6276],[122.6557,-8.5623],[122.6634,-8.5477],[122.6648,-8.5196],[122.6869,-8.4847],[122.6734,-8.4597],[122.6847,-8.4387],[122.6838,-8.4218],[122.6765,-8.4133],[122.6841,-8.3998],[122.6822,-8.3833],[122.662,-8.3903],[122.6348,-8.3813],[122.6206,-8.3836],[122.6165,-8.3952],[122.6078,-8.3993],[122.5972,-8.3929],[122.5896,-8.4113],[122.5922,-8.4235],[122.5707,-8.429],[122.5479,-8.4642],[122.5352,-8.4617],[122.5319,-8.4718],[122.5263,-8.4652],[122.4913,-8.473],[122.4789,-8.4936],[122.4968,-8.5172],[122.518,-8.5264],[122.5176,-8.5471],[122.4718,-8.6095],[122.4507,-8.6032],[122.4078,-8.6121],[122.3992,-8.608],[122.364,-8.6114],[122.3496,-8.6191],[122.3296,-8.6185],[122.318,-8.6325],[122.2915,-8.6422],[122.2214,-8.6201],[122.2165,-8.6079],[122.2021,-8.6039],[122.2034,-8.5979],[122.196,-8.5994],[122.1594,-8.5558],[122.1045,-8.5289],[122.0923,-8.5325],[122.0882,-8.5275],[122.0919,-8.5396],[122.0839,-8.543],[122.0714,-8.5225],[122.0614,-8.5221],[122.0565,-8.53],[122.0423,-8.5192],[122.0376,-8.5284],[122.0262,-8.5254],[122.0181,-8.5306],[122.0103,-8.5134],[121.9996,-8.516],[121.99,-8.5397],[121.9768,-8.5506],[121.9882,-8.5673],[121.9797,-8.5771],[121.9844,-8.6099],[121.9626,-8.6162],[121.9719,-8.6254],[121.9606,-8.6365],[121.9587,-8.6705],[121.9471,-8.6787],[121.9368,-8.7053],[121.9262,-8.7106],[121.9518,-8.7521],[121.9669,-8.7607],[121.9708,-8.7509],[121.9905,-8.7552],[121.9955,-8.7676],[121.9903,-8.7954],[121.9972,-8.8059]]],[[[122.3148,-8.3451],[122.3012,-8.356],[122.2847,-8.3543],[122.2754,-8.3677],[122.2937,-8.3636],[122.3074,-8.3685],[122.3237,-8.35],[122.3148,-8.3451]]],[[[121.707,-8.292],[121.6856,-8.3047],[121.6767,-8.3232],[121.6776,-8.3382],[121.6928,-8.3501],[121.728,-8.3533],[121.7425,-8.3429],[121.7463,-8.3244],[121.73,-8.2966],[121.707,-8.292]]],[[[122.1313,-8.1075],[122.1126,-8.1114],[122.1051,-8.1241],[122.1307,-8.1215],[122.1313,-8.1075]]]]}},{"type":"Feature","properties":{"slug":"simeulue"},"geometry":{"type":"MultiPolygon","coordinates":[[[[96.6651,2.1202],[96.6278,2.121],[96.6135,2.1115],[96.6119,2.0826],[96.6288,2.062],[96.6484,2.0563],[96.6849,2.0826],[96.6872,2.0905],[96.6781,2.1102],[96.6651,2.1202]]],[[[96.6482,2.1694],[96.6346,2.1864],[96.6083,2.182],[96.6361,2.1494],[96.6516,2.1493],[96.6579,2.1558],[96.662,2.1666],[96.6482,2.1694]]],[[[96.1991,2.3586],[96.1919,2.3557],[96.1942,2.348],[96.2062,2.3555],[96.1991,2.3586]]],[[[96.259,2.3597],[96.2555,2.3741],[96.2414,2.3616],[96.2176,2.3589],[96.2353,2.3445],[96.2505,2.3464],[96.259,2.3597]]],[[[96.4939,2.4359],[96.4893,2.4377],[96.4896,2.4295],[96.4795,2.4248],[96.4864,2.4266],[96.4861,2.4185],[96.4987,2.4142],[96.5018,2.419],[96.5007,2.4145],[96.51,2.4148],[96.5163,2.4271],[96.4939,2.4359]]],[[[96.4823,2.4384],[96.4757,2.4366],[96.4818,2.4332],[96.4823,2.4384]]],[[[96.3817,2.5246],[96.3669,2.5261],[96.3629,2.5208],[96.3905,2.5104],[96.3874,2.5182],[96.3792,2.5152],[96.3817,2.5246]]],[[[96.35,2.5342],[96.3447,2.5321],[96.3508,2.5294],[96.35,2.5342]]],[[[95.9355,2.5424],[95.9188,2.5361],[95.9166,2.5249],[95.9576,2.5234],[95.9598,2.5296],[95.9355,2.5424]]],[[[96.2159,2.6497],[96.2197,2.6532],[96.2097,2.6541],[96.2159,2.6497]]],[[[96.3772,2.6552],[96.3654,2.6639],[96.3524,2.6557],[96.3822,2.6438],[96.3971,2.6449],[96.387,2.6554],[96.3772,2.6552]]],[[[96.162,2.6687],[96.152,2.6681],[96.1576,2.6628],[96.162,2.6687]]],[[[95.7452,2.7127],[95.7418,2.72],[95.7341,2.7127],[95.7134,2.7116],[95.7312,2.7018],[95.7449,2.705],[95.7452,2.7127]]],[[[96.1043,2.7498],[96.0991,2.7489],[96.1048,2.7455],[96.1043,2.7498]]],[[[96.1158,2.7462],[96.1114,2.7521],[96.104,2.7446],[96.1134,2.7454],[96.1279,2.7344],[96.1158,2.7462]]],[[[95.7699,2.8339],[95.763,2.8354],[95.7635,2.8289],[95.7699,2.8339]]],[[[95.8051,2.9298],[95.784,2.9256],[95.7808,2.9096],[95.7702,2.9076],[95.7637,2.8805],[95.7648,2.8484],[95.7875,2.8394],[95.7964,2.8422],[95.7861,2.8314],[95.7879,2.8263],[95.7817,2.832],[95.7789,2.8179],[95.774,2.8264],[95.7613,2.8242],[95.7502,2.8304],[95.733,2.8318],[95.7185,2.8254],[95.7068,2.7896],[95.6921,2.7726],[95.7037,2.7473],[95.7138,2.7471],[95.7209,2.7594],[95.7335,2.7568],[95.7217,2.7414],[95.7428,2.7352],[95.7521,2.7178],[95.763,2.7147],[95.765,2.7089],[95.7546,2.6999],[95.7897,2.6704],[95.7938,2.6554],[95.7882,2.6399],[95.7957,2.6304],[95.8035,2.6294],[95.8035,2.6398],[95.8188,2.6463],[95.8266,2.6442],[95.8286,2.6296],[95.8382,2.6228],[95.8444,2.6368],[95.8616,2.6375],[95.8888,2.6196],[95.8856,2.6032],[95.9177,2.5988],[95.9181,2.5895],[95.9266,2.5829],[95.9309,2.587],[95.931,2.5795],[95.9496,2.5702],[95.9653,2.5767],[95.9649,2.5838],[95.9799,2.5878],[95.9924,2.582],[95.9963,2.5658],[96.0075,2.5908],[96.0495,2.5793],[96.0575,2.5637],[96.0753,2.5698],[96.0859,2.5624],[96.0867,2.5542],[96.1196,2.5419],[96.1284,2.5202],[96.1606,2.5119],[96.1699,2.4904],[96.1814,2.4846],[96.188,2.4884],[96.2003,2.4715],[96.216,2.4655],[96.2282,2.4418],[96.3128,2.4197],[96.3194,2.4051],[96.3133,2.4018],[96.3134,2.3855],[96.3356,2.3879],[96.334,2.3719],[96.3141,2.3595],[96.3447,2.3412],[96.3674,2.3368],[96.3741,2.3475],[96.3874,2.349],[96.4071,2.3321],[96.4423,2.3277],[96.4663,2.3444],[96.47,2.34],[96.4809,2.3443],[96.4987,2.3632],[96.4918,2.388],[96.4769,2.3985],[96.4869,2.4104],[96.4753,2.4226],[96.4757,2.4303],[96.4667,2.427],[96.4713,2.4492],[96.4538,2.4761],[96.4277,2.4918],[96.43,2.4795],[96.4252,2.4774],[96.4212,2.4875],[96.4139,2.4872],[96.4093,2.5105],[96.4042,2.5126],[96.3997,2.4755],[96.4078,2.4702],[96.4072,2.4606],[96.3965,2.4574],[96.4019,2.4652],[96.3841,2.4564],[96.3835,2.467],[96.3925,2.4747],[96.3824,2.4713],[96.3828,2.4814],[96.3691,2.4884],[96.3732,2.4954],[96.3648,2.4978],[96.3638,2.5099],[96.3708,2.5123],[96.362,2.5206],[96.3579,2.5198],[96.3619,2.5149],[96.3558,2.5148],[96.3522,2.522],[96.3394,2.5242],[96.3454,2.5253],[96.3396,2.5303],[96.3498,2.5462],[96.3181,2.5613],[96.2941,2.5631],[96.2529,2.5857],[96.2399,2.6076],[96.2398,2.6194],[96.2229,2.6202],[96.2261,2.6269],[96.2058,2.6372],[96.2041,2.6472],[96.1849,2.6531],[96.181,2.6681],[96.1742,2.6657],[96.1723,2.6746],[96.1714,2.6681],[96.1639,2.6721],[96.1631,2.6793],[96.1588,2.6768],[96.1627,2.6685],[96.1709,2.6672],[96.1839,2.6511],[96.1816,2.6387],[96.1918,2.6172],[96.178,2.6162],[96.1764,2.6313],[96.1731,2.6284],[96.1662,2.6378],[96.1606,2.6341],[96.1549,2.6477],[96.1439,2.6359],[96.1482,2.6469],[96.1434,2.6545],[96.1376,2.6461],[96.1335,2.6543],[96.1329,2.643],[96.1309,2.6487],[96.1233,2.6481],[96.1277,2.644],[96.1237,2.6339],[96.1112,2.6345],[96.1148,2.641],[96.1056,2.6367],[96.1037,2.65],[96.0999,2.6471],[96.0974,2.6523],[96.1055,2.6517],[96.1025,2.6734],[96.0928,2.6768],[96.101,2.6746],[96.105,2.6855],[96.1191,2.6939],[96.1125,2.6869],[96.1295,2.6825],[96.1517,2.6889],[96.1425,2.6913],[96.1467,2.713],[96.1287,2.701],[96.1126,2.7146],[96.1124,2.7301],[96.1321,2.7199],[96.1247,2.7283],[96.1319,2.7311],[96.1223,2.7285],[96.1182,2.7377],[96.0913,2.75],[96.0889,2.7325],[96.0842,2.7324],[96.0857,2.7548],[96.103,2.7508],[96.0988,2.7568],[96.0556,2.7614],[96.033,2.7564],[96.0085,2.766],[96.0016,2.783],[95.9788,2.7914],[95.9723,2.8127],[95.9601,2.8119],[95.9537,2.8207],[95.9317,2.824],[95.9148,2.8453],[95.9064,2.8397],[95.9084,2.8286],[95.9006,2.8312],[95.8991,2.8237],[95.8937,2.8294],[95.8807,2.8259],[95.8854,2.8442],[95.8738,2.8466],[95.8739,2.8541],[95.8712,2.8471],[95.8645,2.8486],[95.8692,2.8536],[95.8639,2.8589],[95.8707,2.8649],[95.881,2.8598],[95.8706,2.8699],[95.8815,2.8729],[95.9105,2.8474],[95.9163,2.8693],[95.9034,2.8964],[95.8816,2.9033],[95.8707,2.9147],[95.8605,2.9098],[95.8329,2.9132],[95.8381,2.8845],[95.827,2.9042],[95.8219,2.8995],[95.8242,2.9094],[95.8172,2.908],[95.8167,2.9142],[95.8068,2.9154],[95.802,2.9071],[95.7979,2.916],[95.8057,2.9164],[95.8009,2.9179],[95.8051,2.9298]]],[[[95.4018,2.9669],[95.4064,2.9759],[95.3908,2.9894],[95.4018,2.9669]]],[[[95.405,3.0135],[95.4128,3.0185],[95.4062,3.0202],[95.405,3.0135]]]]}},{"type":"Feature","properties":{"slug":"sorong"},"geometry":{"type":"MultiPolygon","coordinates":[[[[131.2564,-0.9241],[131.252,-0.9333],[131.2624,-0.9355],[131.2564,-0.9241]]],[[[131.2373,-0.884],[131.2311,-0.8887],[131.2401,-0.8886],[131.2373,-0.884]]],[[[131.2059,-0.8826],[131.1851,-0.8978],[131.2045,-0.8952],[131.2101,-0.8875],[131.2059,-0.8826]]],[[[131.2144,-0.834],[131.2069,-0.838],[131.2213,-0.8424],[131.2144,-0.834]]],[[[131.3998,-0.7823],[131.3967,-0.7766],[131.3757,-0.7835],[131.3599,-0.7801],[131.3297,-0.7889],[131.3232,-0.7977],[131.2253,-0.8214],[131.2476,-0.8514],[131.2425,-0.8774],[131.2562,-0.8792],[131.2711,-0.8946],[131.2859,-0.8969],[131.2868,-0.9089],[131.3007,-0.9176],[131.301,-0.9219],[131.2975,-0.9161],[131.2769,-0.9164],[131.2833,-0.9245],[131.2717,-0.9177],[131.27,-0.9338],[131.2955,-0.9316],[131.3155,-0.9458],[131.4049,-0.9555],[131.4331,-0.9441],[131.4299,-0.9137],[131.4186,-0.8873],[131.4223,-0.8731],[131.4112,-0.8693],[131.4149,-0.8645],[131.4083,-0.8595],[131.3975,-0.8577],[131.4047,-0.8477],[131.3884,-0.826],[131.4086,-0.8165],[131.3976,-0.808],[131.3998,-0.7823]]]]}},{"type":"Feature","properties":{"slug":"sukabumi"},"geometry":{"type":"MultiPolygon","coordinates":[[[[106.5248,-6.7623],[106.5255,-6.7687],[106.4977,-6.791],[106.4572,-6.8036],[106.45,-6.8163],[106.436,-6.8198],[106.431,-6.8622],[106.4195,-6.8804],[106.3929,-6.9006],[106.4002,-6.9242],[106.3896,-6.942],[106.3975,-6.9788],[106.4146,-6.9757],[106.4168,-6.9632],[106.4432,-6.9526],[106.4775,-6.9634],[106.5122,-6.9654],[106.5402,-6.9817],[106.5447,-7.0557],[106.5067,-7.0953],[106.4838,-7.1037],[106.467,-7.1267],[106.4568,-7.1295],[106.4475,-7.1527],[106.4656,-7.1713],[106.4575,-7.1849],[106.4441,-7.191],[106.4344,-7.1839],[106.4248,-7.1904],[106.4007,-7.1864],[106.3954,-7.1985],[106.3994,-7.2059],[106.3861,-7.2163],[106.3907,-7.2288],[106.381,-7.2392],[106.3731,-7.2369],[106.3849,-7.2639],[106.3703,-7.2799],[106.3797,-7.2989],[106.3727,-7.3078],[106.3979,-7.3316],[106.4049,-7.3821],[106.4056,-7.3701],[106.4138,-7.3636],[106.4435,-7.3608],[106.4905,-7.3763],[106.5231,-7.4078],[106.5601,-7.4172],[106.6033,-7.4139],[106.7913,-7.4376],[106.7928,-7.4151],[106.7892,-7.4088],[106.7808,-7.4156],[106.7771,-7.402],[106.7951,-7.3968],[106.8231,-7.3625],[106.8449,-7.3564],[106.8508,-7.3607],[106.8586,-7.3542],[106.8557,-7.362],[106.8686,-7.3556],[106.8754,-7.364],[106.8768,-7.3535],[106.8949,-7.3476],[106.8953,-7.3414],[106.9032,-7.3426],[106.9035,-7.3513],[106.9094,-7.3493],[106.9151,-7.323],[106.9341,-7.3341],[106.9406,-7.3178],[106.9537,-7.3211],[106.9672,-7.3122],[106.976,-7.2844],[106.97,-7.2663],[106.9603,-7.2603],[106.967,-7.2455],[106.98,-7.2412],[106.9826,-7.2222],[106.9679,-7.1962],[106.9671,-7.1896],[106.9747,-7.1856],[106.9578,-7.1645],[106.9605,-7.1564],[106.9674,-7.156],[106.9659,-7.1449],[106.9525,-7.1328],[106.9424,-7.1329],[106.9366,-7.1091],[106.9483,-7.086],[106.9436,-7.0748],[106.9539,-7.0684],[106.9592,-7.0335],[106.9757,-7.0136],[107.0282,-7.0445],[107.0388,-7.0434],[107.0475,-7.0315],[107.0429,-7.0232],[107.0497,-7.0048],[107.033,-6.9872],[107.0334,-6.9764],[107.0468,-6.9608],[107.0578,-6.9676],[107.065,-6.965],[107.0487,-6.9424],[107.0473,-6.9098],[107.0287,-6.8916],[107.0352,-6.8867],[107.0329,-6.8737],[107.0005,-6.8405],[106.9929,-6.8047],[106.9583,-6.7614],[106.9345,-6.7685],[106.921,-6.7866],[106.8998,-6.7881],[106.8446,-6.7759],[106.8313,-6.767],[106.8144,-6.7687],[106.7932,-6.7526],[106.7776,-6.7548],[106.7578,-6.7275],[106.7406,-6.7153],[106.7252,-6.7184],[106.6938,-6.7448],[106.6829,-6.7459],[106.6732,-6.7316],[106.6675,-6.7366],[106.6591,-6.7318],[106.6561,-6.7477],[106.6317,-6.755],[106.589,-6.7437],[106.5827,-6.7219],[106.5759,-6.7174],[106.5479,-6.7508],[106.5333,-6.7515],[106.5248,-6.7623]],[[106.9154,-6.8932],[106.9181,-6.9028],[106.9243,-6.8983],[106.9289,-6.9041],[106.9542,-6.9052],[106.9499,-6.9207],[106.9598,-6.9187],[106.9557,-6.9585],[106.9466,-6.9691],[106.9314,-6.9654],[106.9117,-6.9784],[106.8972,-6.9782],[106.8888,-6.9694],[106.8752,-6.9762],[106.8738,-6.963],[106.9116,-6.9521],[106.9006,-6.9335],[106.9009,-6.914],[106.9062,-6.9149],[106.9101,-6.894],[106.9154,-6.8932]]]]}}]}